Workbook

Sheet ИНСТРУКЦИЯ
A1: LAB-03 / RISC-V ПОД МИКРОСКОПОМ
A3: Excel Observatory • PicoRV32 / Tang Nano 9K • 12 настоящих T3-снимков • RV32I
A4: СТАРТ | B4: НАБЛЮДЕНИЕ | C4: СРАВНЕНИЕ | D4: LED / MMIO | E4: КОМАНДЫ | F4: 12 ТРАСС | G4: RAW T3 | H4: ROM | I4: ТЕРМИНЫ | J4: ПРОИСХОЖДЕНИЕ | K4: БИТЫ 202 | L4: 10 КАРТОЧЕК
A6: КАК РАБОТАЕТ ДЕМОНСТРАЦИОННАЯ МОДЕЛЬ
B8: 01 · НАБЛЮДЕНИЕ | E8: Откройте «ПУЛЬТ». Желтые ячейки D6 и I6 — выбираются номер аппаратной трассы и номер события. Пошагово исследуйте FETCH и финальную запись LED_WRITE.
B9: 02 · ПОВТОРЯЕМОСТЬ | E9: Откройте «ЗАХВАТЫ» и график 12 запусков. Для одной и той же UART-команды число FETCH может изменяться из-за ожидания байта.
B10: 03 · СОПОСТАВЛЕНИЕ | E10: Откройте «СРАВНЕНИЕ». Исходно выбраны захваты 03 и 05 команды 4: 24 против 28 FETCH, но нормализованный CORE совпадает.
B11: 04 · КОМАНДЫ RV32I | E11: Откройте «КОМАНДЫ», найдите sw, а затем «ROM LAB03». Все примеры взяты из нашего ROM и аппаратных FETCH, а не придуманы.
B12: 05 · МОДЕЛЬ MMIO | E12: Откройте «МОДЕЛЬ MMIO»: выбирайте 0…6 и наблюдайте вычисляемую маску GPIO при НЕИЗМЕННОМ машинном коде sw.
B13: 06 · ПРОИСХОЖДЕНИЕ | E13: Трассы импортированы из проверенного архивного ZIP. Лист «ИСТОЧНИКИ» содержит хеши, ссылки и ограничения доказательства.
B14: 07 · БИТОВЫЙ ДЕКОДЕР | E14: Новый лист «РАЗБОР RV32I»: источник ТРАССА автоматически повторяет FETCH из ПУЛЬТА. В режиме РОМ индекс 1…202 выбирает любое рабочее слово.
B15: 08 · КАРТОЧКИ | E15: Лист «10 КАРТОЧЕК» подробно показывает битовые поля каждого типа команды на настоящем машинном слове; «КАТАЛОГ БИТОВ» раскрывает все 202 адреса.
A16: ТРЁХМИНУТНЫЙ ВИДЕОЭКСПЕРИМЕНТ
B18: 1. На «ПУЛЬТ» выберите захват 05, событие 27: PC=0x00000100, WORD=0x01D2A023, sw t4,0(t0).
B19: 2. Измените номер события на 28: fetch инструкции lw t6,0(t0). Затем 29: LED_WRITE по 0x20000000 со значением 0x00000008.
B20: 3. На «СРАВНЕНИЕ» убедитесь: захваты 03 и 05 различаются 24/28 FETCH, но совпадают по 23 событиям от PC=0x048 до LED_WRITE.
B21: 4. На «МОДЕЛЬ MMIO» замените команду 4 на 5: маска станет 0x10, а машинное слово sw останется 0x01D2A023.
B24: ВАЖНО: Excel — офлайн-проигрыватель реальных сохранённых шинных событий. Он НЕ соединяется с COM, НЕ программирует FPGA, НЕ измеряет исполнение в реальном времени. FETCH ≠ retirement; модель MMIO ≠ аппаратное измерение.
B28: Исходник: https://github.com/AIDevelopersMonster/Sipeed-FPGA/tree/feature/picorv32-lab03-uart-trace/docs/lab03/observatory ROM SHA-256: 14b85bc20ce43cdf4ce09ef1db7a20af5677c1c728c64b71258f6c63ab5b8a3d

Sheet ДАННЫЕ T3
A1: АППАРАТНЫЕ ДАННЫЕ / T3 RAW
A3: 281 событий из 12 физических запусков • импорт исходных T3-кадров • не синтетические циклы
A4: СТАРТ | B4: НАБЛЮДЕНИЕ | C4: СРАВНЕНИЕ | D4: LED / MMIO | E4: КОМАНДЫ | F4: 12 ТРАСС | G4: RAW T3 | H4: ROM | I4: ТЕРМИНЫ | J4: ПРОИСХОЖДЕНИЕ | K4: БИТЫ 202 | L4: 10 КАРТОЧЕК
A5: Захват | B5: UART | C5: № (Excel) | D5: Цикл T3 | E5: Событие | F5: PC / адрес | G5: WORD / DATA | H5: Ассемблер | I5: Мнемоника | J5: Участок | K5: Ключ | L5: Сигнатура | M5: MNEM+PC | N5: 1-й PC | O5: ROM-check | P5: Префикс | Q5: Оригинал E:…
A6: 1 | B6: 4 | C6: 1 | D6: 1 | E6: FETCH | F6: 0x0000003C | G6: 0x0013F393 | H6: andi t2, t2, 1 | I6: andi | J6: POLL | K6: 1001 | L6: FETCH|0x0000003C|0x0013F393 | M6: andi@0x0000003C | N6: =IF(E6="FETCH",IF(COUNTIF($M$6:M6,M6)=1,1,0),0) -> 1 | O6: ROM OK | P6: =IF(AND(E6="FETCH",F6="0x00000048"),C6-1,0) -> 0 | Q6: E:00000000:00010001:0000003c:0013f393
A7: 1 | B7: 4 | C7: 2 | D7: 8 | E7: FETCH | F7: 0x00000040 | G7: 0xFE038CE3 | H7: beq t2, zero, 0x00000038 | I7: beq | J7: POLL | K7: 1002 | L7: FETCH|0x00000040|0xFE038CE3 | M7: beq@0x00000040 | N7: =IF(E7="FETCH",IF(COUNTIF($M$6:M7,M7)=1,1,0),0) -> 1 | O7: ROM OK | P7: =IF(AND(E7="FETCH",F7="0x00000048"),C7-1,0) -> 0 | Q7: E:00000001:00010008:00000040:fe038ce3
A8: 1 | B8: 4 | C8: 3 | D8: 12 | E8: FETCH | F8: 0x00000044 | G8: 0x0182AE03 | H8: lw t3, 24(t0) | I8: lw | J8: POLL | K8: 1003 | L8: FETCH|0x00000044|0x0182AE03 | M8: lw@0x00000044 | N8: =IF(E8="FETCH",IF(COUNTIF($M$6:M8,M8)=1,1,0),0) -> 1 | O8: ROM OK | P8: =IF(AND(E8="FETCH",F8="0x00000048"),C8-1,0) -> 0 | Q8: E:00000002:0001000c:00000044:0182ae03
A9: 1 | B9: 4 | C9: 4 | D9: 16 | E9: FETCH | F9: 0x00000048 | G9: 0x05400413 | H9: addi s0, zero, 84 | I9: addi | J9: CORE | K9: 1004 | L9: FETCH|0x00000048|0x05400413 | M9: addi@0x00000048 | N9: =IF(E9="FETCH",IF(COUNTIF($M$6:M9,M9)=1,1,0),0) -> 1 | O9: ROM OK | P9: =IF(AND(E9="FETCH",F9="0x00000048"),C9-1,0) -> 3 | Q9: E:00000003:00010010:00000048:05400413
A10: 1 | B10: 4 | C10: 5 | D10: 23 | E10: FETCH | F10: 0x0000004C | G10: 0x1A8E0063 | H10: beq t3, s0, 0x000001EC | I10: beq | J10: CORE | K10: 1005 | L10: FETCH|0x0000004C|0x1A8E0063 | M10: beq@0x0000004C | N10: =IF(E10="FETCH",IF(COUNTIF($M$6:M10,M10)=1,1,0),0) -> 1 | O10: ROM OK | P10: =IF(AND(E10="FETCH",F10="0x00000048"),C10-1,0) -> 0 | Q10: E:00000004:00010017:0000004c:1a8e0063
A11: 1 | B11: 4 | C11: 6 | D11: 27 | E11: FETCH | F11: 0x00000050 | G11: 0x04300413 | H11: addi s0, zero, 67 | I11: addi | J11: CORE | K11: 1006 | L11: FETCH|0x00000050|0x04300413 | M11: addi@0x00000050 | N11: =IF(E11="FETCH",IF(COUNTIF($M$6:M11,M11)=1,1,0),0) -> 1 | O11: ROM OK | P11: =IF(AND(E11="FETCH",F11="0x00000048"),C11-1,0) -> 0 | Q11: E:00000005:0001001b:00000050:04300413
A12: 1 | B12: 4 | C12: 7 | D12: 31 | E12: FETCH | F12: 0x00000054 | G12: 0x188E0063 | H12: beq t3, s0, 0x000001D4 | I12: beq | J12: CORE | K12: 1007 | L12: FETCH|0x00000054|0x188E0063 | M12: beq@0x00000054 | N12: =IF(E12="FETCH",IF(COUNTIF($M$6:M12,M12)=1,1,0),0) -> 1 | O12: ROM OK | P12: =IF(AND(E12="FETCH",F12="0x00000048"),C12-1,0) -> 0 | Q12: E:00000006:0001001f:00000054:188e0063
A13: 1 | B13: 4 | C13: 8 | D13: 35 | E13: FETCH | F13: 0x00000058 | G13: 0x03F00413 | H13: addi s0, zero, 63 | I13: addi | J13: CORE | K13: 1008 | L13: FETCH|0x00000058|0x03F00413 | M13: addi@0x00000058 | N13: =IF(E13="FETCH",IF(COUNTIF($M$6:M13,M13)=1,1,0),0) -> 1 | O13: ROM OK | P13: =IF(AND(E13="FETCH",F13="0x00000048"),C13-1,0) -> 0 | Q13: E:00000007:00010023:00000058:03f00413
A14: 1 | B14: 4 | C14: 9 | D14: 39 | E14: FETCH | F14: 0x0000005C | G14: 0x0A8E0A63 | H14: beq t3, s0, 0x00000110 | I14: beq | J14: CORE | K14: 1009 | L14: FETCH|0x0000005C|0x0A8E0A63 | M14: beq@0x0000005C | N14: =IF(E14="FETCH",IF(COUNTIF($M$6:M14,M14)=1,1,0),0) -> 1 | O14: ROM OK | P14: =IF(AND(E14="FETCH",F14="0x00000048"),C14-1,0) -> 0 | Q14: E:00000008:00010027:0000005c:0a8e0a63
A15: 1 | B15: 4 | C15: 10 | D15: 43 | E15: FETCH | F15: 0x00000060 | G15: 0x03000413 | H15: addi s0, zero, 48 | I15: addi | J15: CORE | K15: 1010 | L15: FETCH|0x00000060|0x03000413 | M15: addi@0x00000060 | N15: =IF(E15="FETCH",IF(COUNTIF($M$6:M15,M15)=1,1,0),0) -> 1 | O15: ROM OK | P15: =IF(AND(E15="FETCH",F15="0x00000048"),C15-1,0) -> 0 | Q15: E:00000009:0001002b:00000060:03000413
A16: 1 | B16: 4 | C16: 11 | D16: 47 | E16: FETCH | F16: 0x00000064 | G16: 0x048E0463 | H16: beq t3, s0, 0x000000AC | I16: beq | J16: CORE | K16: 1011 | L16: FETCH|0x00000064|0x048E0463 | M16: beq@0x00000064 | N16: =IF(E16="FETCH",IF(COUNTIF($M$6:M16,M16)=1,1,0),0) -> 1 | O16: ROM OK | P16: =IF(AND(E16="FETCH",F16="0x00000048"),C16-1,0) -> 0 | Q16: E:0000000a:0001002f:00000064:048e0463
A17: 1 | B17: 4 | C17: 12 | D17: 51 | E17: FETCH | F17: 0x00000068 | G17: 0x03100413 | H17: addi s0, zero, 49 | I17: addi | J17: CORE | K17: 1012 | L17: FETCH|0x00000068|0x03100413 | M17: addi@0x00000068 | N17: =IF(E17="FETCH",IF(COUNTIF($M$6:M17,M17)=1,1,0),0) -> 1 | O17: ROM OK | P17: =IF(AND(E17="FETCH",F17="0x00000048"),C17-1,0) -> 0 | Q17: E:0000000b:00010033:00000068:03100413
... A30: 1 | B30: 4 | C30: 25 | D30: 102 | E30: FETCH | F30: 0x00000104 | G30: 0x0002AF83 | H30: lw t6, 0(t0) | I30: lw | J30: CORE | K30: 1025 | L30: FETCH|0x00000104|0x0002AF83 | M30: lw@0x00000104 | N30: =IF(E30="FETCH",IF(COUNTIF($M$6:M30,M30)=1,1,0),0) -> 1 | O30: ROM OK | P30: =IF(AND(E30="FETCH",F30="0x00000048"),C30-1,0) -> 0 | Q30: E:00000018:00010066:00000104:0002af83
A31: 1 | B31: 4 | C31: 26 | D31: 105 | E31: LED_WRITE | F31: 0x20000000 | G31: 0x00000008 | H31: MMIO GPIO write | I31: LED_WRITE | J31: MMIO | K31: 1026 | L31: LED_WRITE|0x20000000|0x00000008 | N31: =IF(E31="FETCH",IF(COUNTIF($M$6:M31,M31)=1,1,0),0) -> 0 | O31: MMIO OK | P31: =IF(AND(E31="FETCH",F31="0x00000048"),C31-1,0) -> 0 | Q31: E:00000019:00020069:20000000:00000008
A32: 2 | B32: 0 | C32: 1 | D32: 2 | E32: FETCH | F32: 0x00000044 | G32: 0x0182AE03 | H32: lw t3, 24(t0) | I32: lw | J32: POLL | K32: 2001 | L32: FETCH|0x00000044|0x0182AE03 | M32: lw@0x00000044 | N32: =IF(E32="FETCH",IF(COUNTIF($M$6:M32,M32)=1,1,0),0) -> 0 | O32: ROM OK | P32: =IF(AND(E32="FETCH",F32="0x00000048"),C32-1,0) -> 0 | Q32: E:00000000:00010002:00000044:0182ae03
A33: 2 | B33: 0 | C33: 2 | D33: 5 | E33: FETCH | F33: 0x00000038 | G33: 0x01C2A383 | H33: lw t2, 28(t0) | I33: lw | J33: POLL | K33: 2002 | L33: FETCH|0x00000038|0x01C2A383 | M33: lw@0x00000038 | N33: =IF(E33="FETCH",IF(COUNTIF($M$6:M33,M33)=1,1,0),0) -> 1 | O33: ROM OK | P33: =IF(AND(E33="FETCH",F33="0x00000048"),C33-1,0) -> 0 | Q33: E:00000001:00010005:00000038:01c2a383
A34: 2 | B34: 0 | C34: 3 | D34: 9 | E34: FETCH | F34: 0x0000003C | G34: 0x0013F393 | H34: andi t2, t2, 1 | I34: andi | J34: POLL | K34: 2003 | L34: FETCH|0x0000003C|0x0013F393 | M34: andi@0x0000003C | N34: =IF(E34="FETCH",IF(COUNTIF($M$6:M34,M34)=1,1,0),0) -> 0 | O34: ROM OK | P34: =IF(AND(E34="FETCH",F34="0x00000048"),C34-1,0) -> 0 | Q34: E:00000002:00010009:0000003c:0013f393
A35: 2 | B35: 0 | C35: 4 | D35: 16 | E35: FETCH | F35: 0x00000040 | G35: 0xFE038CE3 | H35: beq t2, zero, 0x00000038 | I35: beq | J35: POLL | K35: 2004 | L35: FETCH|0x00000040|0xFE038CE3 | M35: beq@0x00000040 | N35: =IF(E35="FETCH",IF(COUNTIF($M$6:M35,M35)=1,1,0),0) -> 0 | O35: ROM OK | P35: =IF(AND(E35="FETCH",F35="0x00000048"),C35-1,0) -> 0 | Q35: E:00000003:00010010:00000040:fe038ce3
A36: 2 | B36: 0 | C36: 5 | D36: 20 | E36: FETCH | F36: 0x00000044 | G36: 0x0182AE03 | H36: lw t3, 24(t0) | I36: lw | J36: POLL | K36: 2005 | L36: FETCH|0x00000044|0x0182AE03 | M36: lw@0x00000044 | N36: =IF(E36="FETCH",IF(COUNTIF($M$6:M36,M36)=1,1,0),0) -> 0 | O36: ROM OK | P36: =IF(AND(E36="FETCH",F36="0x00000048"),C36-1,0) -> 0 | Q36: E:00000004:00010014:00000044:0182ae03
A37: 2 | B37: 0 | C37: 6 | D37: 24 | E37: FETCH | F37: 0x00000048 | G37: 0x05400413 | H37: addi s0, zero, 84 | I37: addi | J37: CORE | K37: 2006 | L37: FETCH|0x00000048|0x05400413 | M37: addi@0x00000048 | N37: =IF(E37="FETCH",IF(COUNTIF($M$6:M37,M37)=1,1,0),0) -> 0 | O37: ROM OK | P37: =IF(AND(E37="FETCH",F37="0x00000048"),C37-1,0) -> 5 | Q37: E:00000005:00010018:00000048:05400413
A38: 2 | B38: 0 | C38: 7 | D38: 31 | E38: FETCH | F38: 0x0000004C | G38: 0x1A8E0063 | H38: beq t3, s0, 0x000001EC | I38: beq | J38: CORE | K38: 2007 | L38: FETCH|0x0000004C|0x1A8E0063 | M38: beq@0x0000004C | N38: =IF(E38="FETCH",IF(COUNTIF($M$6:M38,M38)=1,1,0),0) -> 0 | O38: ROM OK | P38: =IF(AND(E38="FETCH",F38="0x00000048"),C38-1,0) -> 0 | Q38: E:00000006:0001001f:0000004c:1a8e0063
A39: 2 | B39: 0 | C39: 8 | D39: 35 | E39: FETCH | F39: 0x00000050 | G39: 0x04300413 | H39: addi s0, zero, 67 | I39: addi | J39: CORE | K39: 2008 | L39: FETCH|0x00000050|0x04300413 | M39: addi@0x00000050 | N39: =IF(E39="FETCH",IF(COUNTIF($M$6:M39,M39)=1,1,0),0) -> 0 | O39: ROM OK | P39: =IF(AND(E39="FETCH",F39="0x00000048"),C39-1,0) -> 0 | Q39: E:00000007:00010023:00000050:04300413
A40: 2 | B40: 0 | C40: 9 | D40: 39 | E40: FETCH | F40: 0x00000054 | G40: 0x188E0063 | H40: beq t3, s0, 0x000001D4 | I40: beq | J40: CORE | K40: 2009 | L40: FETCH|0x00000054|0x188E0063 | M40: beq@0x00000054 | N40: =IF(E40="FETCH",IF(COUNTIF($M$6:M40,M40)=1,1,0),0) -> 0 | O40: ROM OK | P40: =IF(AND(E40="FETCH",F40="0x00000048"),C40-1,0) -> 0 | Q40: E:00000008:00010027:00000054:188e0063
A41: 2 | B41: 0 | C41: 10 | D41: 43 | E41: FETCH | F41: 0x00000058 | G41: 0x03F00413 | H41: addi s0, zero, 63 | I41: addi | J41: CORE | K41: 2010 | L41: FETCH|0x00000058|0x03F00413 | M41: addi@0x00000058 | N41: =IF(E41="FETCH",IF(COUNTIF($M$6:M41,M41)=1,1,0),0) -> 0 | O41: ROM OK | P41: =IF(AND(E41="FETCH",F41="0x00000048"),C41-1,0) -> 0 | Q41: E:00000009:0001002b:00000058:03f00413
A42: 2 | B42: 0 | C42: 11 | D42: 47 | E42: FETCH | F42: 0x0000005C | G42: 0x0A8E0A63 | H42: beq t3, s0, 0x00000110 | I42: beq | J42: CORE | K42: 2011 | L42: FETCH|0x0000005C|0x0A8E0A63 | M42: beq@0x0000005C | N42: =IF(E42="FETCH",IF(COUNTIF($M$6:M42,M42)=1,1,0),0) -> 0 | O42: ROM OK | P42: =IF(AND(E42="FETCH",F42="0x00000048"),C42-1,0) -> 0 | Q42: E:0000000a:0001002f:0000005c:0a8e0a63
A43: 2 | B43: 0 | C43: 12 | D43: 51 | E43: FETCH | F43: 0x00000060 | G43: 0x03000413 | H43: addi s0, zero, 48 | I43: addi | J43: CORE | K43: 2012 | L43: FETCH|0x00000060|0x03000413 | M43: addi@0x00000060 | N43: =IF(E43="FETCH",IF(COUNTIF($M$6:M43,M43)=1,1,0),0) -> 0 | O43: ROM OK | P43: =IF(AND(E43="FETCH",F43="0x00000048"),C43-1,0) -> 0 | Q43: E:0000000b:00010033:00000060:03000413
... A50: 2 | B50: 0 | C50: 19 | D50: 78 | E50: FETCH | F50: 0x00000104 | G50: 0x0002AF83 | H50: lw t6, 0(t0) | I50: lw | J50: CORE | K50: 2019 | L50: FETCH|0x00000104|0x0002AF83 | M50: lw@0x00000104 | N50: =IF(E50="FETCH",IF(COUNTIF($M$6:M50,M50)=1,1,0),0) -> 0 | O50: ROM OK | P50: =IF(AND(E50="FETCH",F50="0x00000048"),C50-1,0) -> 0 | Q50: E:00000012:0001004e:00000104:0002af83
A51: 2 | B51: 0 | C51: 20 | D51: 81 | E51: LED_WRITE | F51: 0x20000000 | G51: 0x00000000 | H51: MMIO GPIO write | I51: LED_WRITE | J51: MMIO | K51: 2020 | L51: LED_WRITE|0x20000000|0x00000000 | N51: =IF(E51="FETCH",IF(COUNTIF($M$6:M51,M51)=1,1,0),0) -> 0 | O51: MMIO OK | P51: =IF(AND(E51="FETCH",F51="0x00000048"),C51-1,0) -> 0 | Q51: E:00000013:00020051:20000000:00000000
A52: 3 | B52: 4 | C52: 1 | D52: 5 | E52: FETCH | F52: 0x00000040 | G52: 0xFE038CE3 | H52: beq t2, zero, 0x00000038 | I52: beq | J52: POLL | K52: 3001 | L52: FETCH|0x00000040|0xFE038CE3 | M52: beq@0x00000040 | N52: =IF(E52="FETCH",IF(COUNTIF($M$6:M52,M52)=1,1,0),0) -> 0 | O52: ROM OK | P52: =IF(AND(E52="FETCH",F52="0x00000048"),C52-1,0) -> 0 | Q52: E:00000000:00010005:00000040:fe038ce3
A53: 3 | B53: 4 | C53: 2 | D53: 9 | E53: FETCH | F53: 0x00000044 | G53: 0x0182AE03 | H53: lw t3, 24(t0) | I53: lw | J53: POLL | K53: 3002 | L53: FETCH|0x00000044|0x0182AE03 | M53: lw@0x00000044 | N53: =IF(E53="FETCH",IF(COUNTIF($M$6:M53,M53)=1,1,0),0) -> 0 | O53: ROM OK | P53: =IF(AND(E53="FETCH",F53="0x00000048"),C53-1,0) -> 0 | Q53: E:00000001:00010009:00000044:0182ae03
A54: 3 | B54: 4 | C54: 3 | D54: 13 | E54: FETCH | F54: 0x00000048 | G54: 0x05400413 | H54: addi s0, zero, 84 | I54: addi | J54: CORE | K54: 3003 | L54: FETCH|0x00000048|0x05400413 | M54: addi@0x00000048 | N54: =IF(E54="FETCH",IF(COUNTIF($M$6:M54,M54)=1,1,0),0) -> 0 | O54: ROM OK | P54: =IF(AND(E54="FETCH",F54="0x00000048"),C54-1,0) -> 2 | Q54: E:00000002:0001000d:00000048:05400413
A55: 3 | B55: 4 | C55: 4 | D55: 20 | E55: FETCH | F55: 0x0000004C | G55: 0x1A8E0063 | H55: beq t3, s0, 0x000001EC | I55: beq | J55: CORE | K55: 3004 | L55: FETCH|0x0000004C|0x1A8E0063 | M55: beq@0x0000004C | N55: =IF(E55="FETCH",IF(COUNTIF($M$6:M55,M55)=1,1,0),0) -> 0 | O55: ROM OK | P55: =IF(AND(E55="FETCH",F55="0x00000048"),C55-1,0) -> 0 | Q55: E:00000003:00010014:0000004c:1a8e0063
A56: 3 | B56: 4 | C56: 5 | D56: 24 | E56: FETCH | F56: 0x00000050 | G56: 0x04300413 | H56: addi s0, zero, 67 | I56: addi | J56: CORE | K56: 3005 | L56: FETCH|0x00000050|0x04300413 | M56: addi@0x00000050 | N56: =IF(E56="FETCH",IF(COUNTIF($M$6:M56,M56)=1,1,0),0) -> 0 | O56: ROM OK | P56: =IF(AND(E56="FETCH",F56="0x00000048"),C56-1,0) -> 0 | Q56: E:00000004:00010018:00000050:04300413
A57: 3 | B57: 4 | C57: 6 | D57: 28 | E57: FETCH | F57: 0x00000054 | G57: 0x188E0063 | H57: beq t3, s0, 0x000001D4 | I57: beq | J57: CORE | K57: 3006 | L57: FETCH|0x00000054|0x188E0063 | M57: beq@0x00000054 | N57: =IF(E57="FETCH",IF(COUNTIF($M$6:M57,M57)=1,1,0),0) -> 0 | O57: ROM OK | P57: =IF(AND(E57="FETCH",F57="0x00000048"),C57-1,0) -> 0 | Q57: E:00000005:0001001c:00000054:188e0063
A58: 3 | B58: 4 | C58: 7 | D58: 32 | E58: FETCH | F58: 0x00000058 | G58: 0x03F00413 | H58: addi s0, zero, 63 | I58: addi | J58: CORE | K58: 3007 | L58: FETCH|0x00000058|0x03F00413 | M58: addi@0x00000058 | N58: =IF(E58="FETCH",IF(COUNTIF($M$6:M58,M58)=1,1,0),0) -> 0 | O58: ROM OK | P58: =IF(AND(E58="FETCH",F58="0x00000048"),C58-1,0) -> 0 | Q58: E:00000006:00010020:00000058:03f00413
A59: 3 | B59: 4 | C59: 8 | D59: 36 | E59: FETCH | F59: 0x0000005C | G59: 0x0A8E0A63 | H59: beq t3, s0, 0x00000110 | I59: beq | J59: CORE | K59: 3008 | L59: FETCH|0x0000005C|0x0A8E0A63 | M59: beq@0x0000005C | N59: =IF(E59="FETCH",IF(COUNTIF($M$6:M59,M59)=1,1,0),0) -> 0 | O59: ROM OK | P59: =IF(AND(E59="FETCH",F59="0x00000048"),C59-1,0) -> 0 | Q59: E:00000007:00010024:0000005c:0a8e0a63
A60: 3 | B60: 4 | C60: 9 | D60: 40 | E60: FETCH | F60: 0x00000060 | G60: 0x03000413 | H60: addi s0, zero, 48 | I60: addi | J60: CORE | K60: 3009 | L60: FETCH|0x00000060|0x03000413 | M60: addi@0x00000060 | N60: =IF(E60="FETCH",IF(COUNTIF($M$6:M60,M60)=1,1,0),0) -> 0 | O60: ROM OK | P60: =IF(AND(E60="FETCH",F60="0x00000048"),C60-1,0) -> 0 | Q60: E:00000008:00010028:00000060:03000413
A61: 3 | B61: 4 | C61: 10 | D61: 44 | E61: FETCH | F61: 0x00000064 | G61: 0x048E0463 | H61: beq t3, s0, 0x000000AC | I61: beq | J61: CORE | K61: 3010 | L61: FETCH|0x00000064|0x048E0463 | M61: beq@0x00000064 | N61: =IF(E61="FETCH",IF(COUNTIF($M$6:M61,M61)=1,1,0),0) -> 0 | O61: ROM OK | P61: =IF(AND(E61="FETCH",F61="0x00000048"),C61-1,0) -> 0 | Q61: E:00000009:0001002c:00000064:048e0463
A62: 3 | B62: 4 | C62: 11 | D62: 48 | E62: FETCH | F62: 0x00000068 | G62: 0x03100413 | H62: addi s0, zero, 49 | I62: addi | J62: CORE | K62: 3011 | L62: FETCH|0x00000068|0x03100413 | M62: addi@0x00000068 | N62: =IF(E62="FETCH",IF(COUNTIF($M$6:M62,M62)=1,1,0),0) -> 0 | O62: ROM OK | P62: =IF(AND(E62="FETCH",F62="0x00000048"),C62-1,0) -> 0 | Q62: E:0000000a:00010030:00000068:03100413
A63: 3 | B63: 4 | C63: 12 | D63: 52 | E63: FETCH | F63: 0x0000006C | G63: 0x048E0663 | H63: beq t3, s0, 0x000000B8 | I63: beq | J63: CORE | K63: 3012 | L63: FETCH|0x0000006C|0x048E0663 | M63: beq@0x0000006C | N63: =IF(E63="FETCH",IF(COUNTIF($M$6:M63,M63)=1,1,0),0) -> 0 | O63: ROM OK | P63: =IF(AND(E63="FETCH",F63="0x00000048"),C63-1,0) -> 0 | Q63: E:0000000b:00010034:0000006c:048e0663
... A75: 3 | B75: 4 | C75: 24 | D75: 99 | E75: FETCH | F75: 0x00000104 | G75: 0x0002AF83 | H75: lw t6, 0(t0) | I75: lw | J75: CORE | K75: 3024 | L75: FETCH|0x00000104|0x0002AF83 | M75: lw@0x00000104 | N75: =IF(E75="FETCH",IF(COUNTIF($M$6:M75,M75)=1,1,0),0) -> 0 | O75: ROM OK | P75: =IF(AND(E75="FETCH",F75="0x00000048"),C75-1,0) -> 0 | Q75: E:00000017:00010063:00000104:0002af83
A76: 3 | B76: 4 | C76: 25 | D76: 102 | E76: LED_WRITE | F76: 0x20000000 | G76: 0x00000008 | H76: MMIO GPIO write | I76: LED_WRITE | J76: MMIO | K76: 3025 | L76: LED_WRITE|0x20000000|0x00000008 | N76: =IF(E76="FETCH",IF(COUNTIF($M$6:M76,M76)=1,1,0),0) -> 0 | O76: MMIO OK | P76: =IF(AND(E76="FETCH",F76="0x00000048"),C76-1,0) -> 0 | Q76: E:00000018:00020066:20000000:00000008
A77: 4 | B77: 0 | C77: 1 | D77: 1 | E77: FETCH | F77: 0x0000003C | G77: 0x0013F393 | H77: andi t2, t2, 1 | I77: andi | J77: POLL | K77: 4001 | L77: FETCH|0x0000003C|0x0013F393 | M77: andi@0x0000003C | N77: =IF(E77="FETCH",IF(COUNTIF($M$6:M77,M77)=1,1,0),0) -> 0 | O77: ROM OK | P77: =IF(AND(E77="FETCH",F77="0x00000048"),C77-1,0) -> 0 | Q77: E:00000000:00010001:0000003c:0013f393
A78: 4 | B78: 0 | C78: 2 | D78: 8 | E78: FETCH | F78: 0x00000040 | G78: 0xFE038CE3 | H78: beq t2, zero, 0x00000038 | I78: beq | J78: POLL | K78: 4002 | L78: FETCH|0x00000040|0xFE038CE3 | M78: beq@0x00000040 | N78: =IF(E78="FETCH",IF(COUNTIF($M$6:M78,M78)=1,1,0),0) -> 0 | O78: ROM OK | P78: =IF(AND(E78="FETCH",F78="0x00000048"),C78-1,0) -> 0 | Q78: E:00000001:00010008:00000040:fe038ce3
A79: 4 | B79: 0 | C79: 3 | D79: 12 | E79: FETCH | F79: 0x00000044 | G79: 0x0182AE03 | H79: lw t3, 24(t0) | I79: lw | J79: POLL | K79: 4003 | L79: FETCH|0x00000044|0x0182AE03 | M79: lw@0x00000044 | N79: =IF(E79="FETCH",IF(COUNTIF($M$6:M79,M79)=1,1,0),0) -> 0 | O79: ROM OK | P79: =IF(AND(E79="FETCH",F79="0x00000048"),C79-1,0) -> 0 | Q79: E:00000002:0001000c:00000044:0182ae03
A80: 4 | B80: 0 | C80: 4 | D80: 16 | E80: FETCH | F80: 0x00000048 | G80: 0x05400413 | H80: addi s0, zero, 84 | I80: addi | J80: CORE | K80: 4004 | L80: FETCH|0x00000048|0x05400413 | M80: addi@0x00000048 | N80: =IF(E80="FETCH",IF(COUNTIF($M$6:M80,M80)=1,1,0),0) -> 0 | O80: ROM OK | P80: =IF(AND(E80="FETCH",F80="0x00000048"),C80-1,0) -> 3 | Q80: E:00000003:00010010:00000048:05400413
A81: 4 | B81: 0 | C81: 5 | D81: 23 | E81: FETCH | F81: 0x0000004C | G81: 0x1A8E0063 | H81: beq t3, s0, 0x000001EC | I81: beq | J81: CORE | K81: 4005 | L81: FETCH|0x0000004C|0x1A8E0063 | M81: beq@0x0000004C | N81: =IF(E81="FETCH",IF(COUNTIF($M$6:M81,M81)=1,1,0),0) -> 0 | O81: ROM OK | P81: =IF(AND(E81="FETCH",F81="0x00000048"),C81-1,0) -> 0 | Q81: E:00000004:00010017:0000004c:1a8e0063
A82: 4 | B82: 0 | C82: 6 | D82: 27 | E82: FETCH | F82: 0x00000050 | G82: 0x04300413 | H82: addi s0, zero, 67 | I82: addi | J82: CORE | K82: 4006 | L82: FETCH|0x00000050|0x04300413 | M82: addi@0x00000050 | N82: =IF(E82="FETCH",IF(COUNTIF($M$6:M82,M82)=1,1,0),0) -> 0 | O82: ROM OK | P82: =IF(AND(E82="FETCH",F82="0x00000048"),C82-1,0) -> 0 | Q82: E:00000005:0001001b:00000050:04300413
A83: 4 | B83: 0 | C83: 7 | D83: 31 | E83: FETCH | F83: 0x00000054 | G83: 0x188E0063 | H83: beq t3, s0, 0x000001D4 | I83: beq | J83: CORE | K83: 4007 | L83: FETCH|0x00000054|0x188E0063 | M83: beq@0x00000054 | N83: =IF(E83="FETCH",IF(COUNTIF($M$6:M83,M83)=1,1,0),0) -> 0 | O83: ROM OK | P83: =IF(AND(E83="FETCH",F83="0x00000048"),C83-1,0) -> 0 | Q83: E:00000006:0001001f:00000054:188e0063
A84: 4 | B84: 0 | C84: 8 | D84: 35 | E84: FETCH | F84: 0x00000058 | G84: 0x03F00413 | H84: addi s0, zero, 63 | I84: addi | J84: CORE | K84: 4008 | L84: FETCH|0x00000058|0x03F00413 | M84: addi@0x00000058 | N84: =IF(E84="FETCH",IF(COUNTIF($M$6:M84,M84)=1,1,0),0) -> 0 | O84: ROM OK | P84: =IF(AND(E84="FETCH",F84="0x00000048"),C84-1,0) -> 0 | Q84: E:00000007:00010023:00000058:03f00413
A85: 4 | B85: 0 | C85: 9 | D85: 39 | E85: FETCH | F85: 0x0000005C | G85: 0x0A8E0A63 | H85: beq t3, s0, 0x00000110 | I85: beq | J85: CORE | K85: 4009 | L85: FETCH|0x0000005C|0x0A8E0A63 | M85: beq@0x0000005C | N85: =IF(E85="FETCH",IF(COUNTIF($M$6:M85,M85)=1,1,0),0) -> 0 | O85: ROM OK | P85: =IF(AND(E85="FETCH",F85="0x00000048"),C85-1,0) -> 0 | Q85: E:00000008:00010027:0000005c:0a8e0a63
A86: 4 | B86: 0 | C86: 10 | D86: 43 | E86: FETCH | F86: 0x00000060 | G86: 0x03000413 | H86: addi s0, zero, 48 | I86: addi | J86: CORE | K86: 4010 | L86: FETCH|0x00000060|0x03000413 | M86: addi@0x00000060 | N86: =IF(E86="FETCH",IF(COUNTIF($M$6:M86,M86)=1,1,0),0) -> 0 | O86: ROM OK | P86: =IF(AND(E86="FETCH",F86="0x00000048"),C86-1,0) -> 0 | Q86: E:00000009:0001002b:00000060:03000413
A87: 4 | B87: 0 | C87: 11 | D87: 47 | E87: FETCH | F87: 0x00000064 | G87: 0x048E0463 | H87: beq t3, s0, 0x000000AC | I87: beq | J87: CORE | K87: 4011 | L87: FETCH|0x00000064|0x048E0463 | M87: beq@0x00000064 | N87: =IF(E87="FETCH",IF(COUNTIF($M$6:M87,M87)=1,1,0),0) -> 0 | O87: ROM OK | P87: =IF(AND(E87="FETCH",F87="0x00000048"),C87-1,0) -> 0 | Q87: E:0000000a:0001002f:00000064:048e0463
A88: 4 | B88: 0 | C88: 12 | D88: 51 | E88: FETCH | F88: 0x00000068 | G88: 0x03100413 | H88: addi s0, zero, 49 | I88: addi | J88: CORE | K88: 4012 | L88: FETCH|0x00000068|0x03100413 | M88: addi@0x00000068 | N88: =IF(E88="FETCH",IF(COUNTIF($M$6:M88,M88)=1,1,0),0) -> 0 | O88: ROM OK | P88: =IF(AND(E88="FETCH",F88="0x00000048"),C88-1,0) -> 0 | Q88: E:0000000b:00010033:00000068:03100413
... A93: 4 | B93: 0 | C93: 17 | D93: 70 | E93: FETCH | F93: 0x00000104 | G93: 0x0002AF83 | H93: lw t6, 0(t0) | I93: lw | J93: CORE | K93: 4017 | L93: FETCH|0x00000104|0x0002AF83 | M93: lw@0x00000104 | N93: =IF(E93="FETCH",IF(COUNTIF($M$6:M93,M93)=1,1,0),0) -> 0 | O93: ROM OK | P93: =IF(AND(E93="FETCH",F93="0x00000048"),C93-1,0) -> 0 | Q93: E:00000010:00010046:00000104:0002af83
A94: 4 | B94: 0 | C94: 18 | D94: 73 | E94: LED_WRITE | F94: 0x20000000 | G94: 0x00000000 | H94: MMIO GPIO write | I94: LED_WRITE | J94: MMIO | K94: 4018 | L94: LED_WRITE|0x20000000|0x00000000 | N94: =IF(E94="FETCH",IF(COUNTIF($M$6:M94,M94)=1,1,0),0) -> 0 | O94: MMIO OK | P94: =IF(AND(E94="FETCH",F94="0x00000048"),C94-1,0) -> 0 | Q94: E:00000011:00020049:20000000:00000000
A95: 5 | B95: 4 | C95: 1 | D95: 0 | E95: FETCH | F95: 0x00000040 | G95: 0xFE038CE3 | H95: beq t2, zero, 0x00000038 | I95: beq | J95: POLL | K95: 5001 | L95: FETCH|0x00000040|0xFE038CE3 | M95: beq@0x00000040 | N95: =IF(E95="FETCH",IF(COUNTIF($M$6:M95,M95)=1,1,0),0) -> 0 | O95: ROM OK | P95: =IF(AND(E95="FETCH",F95="0x00000048"),C95-1,0) -> 0 | Q95: E:00000000:00010000:00000040:fe038ce3
A96: 5 | B96: 4 | C96: 2 | D96: 4 | E96: FETCH | F96: 0x00000044 | G96: 0x0182AE03 | H96: lw t3, 24(t0) | I96: lw | J96: POLL | K96: 5002 | L96: FETCH|0x00000044|0x0182AE03 | M96: lw@0x00000044 | N96: =IF(E96="FETCH",IF(COUNTIF($M$6:M96,M96)=1,1,0),0) -> 0 | O96: ROM OK | P96: =IF(AND(E96="FETCH",F96="0x00000048"),C96-1,0) -> 0 | Q96: E:00000001:00010004:00000044:0182ae03
A97: 5 | B97: 4 | C97: 3 | D97: 7 | E97: FETCH | F97: 0x00000038 | G97: 0x01C2A383 | H97: lw t2, 28(t0) | I97: lw | J97: POLL | K97: 5003 | L97: FETCH|0x00000038|0x01C2A383 | M97: lw@0x00000038 | N97: =IF(E97="FETCH",IF(COUNTIF($M$6:M97,M97)=1,1,0),0) -> 0 | O97: ROM OK | P97: =IF(AND(E97="FETCH",F97="0x00000048"),C97-1,0) -> 0 | Q97: E:00000002:00010007:00000038:01c2a383
A98: 5 | B98: 4 | C98: 4 | D98: 11 | E98: FETCH | F98: 0x0000003C | G98: 0x0013F393 | H98: andi t2, t2, 1 | I98: andi | J98: POLL | K98: 5004 | L98: FETCH|0x0000003C|0x0013F393 | M98: andi@0x0000003C | N98: =IF(E98="FETCH",IF(COUNTIF($M$6:M98,M98)=1,1,0),0) -> 0 | O98: ROM OK | P98: =IF(AND(E98="FETCH",F98="0x00000048"),C98-1,0) -> 0 | Q98: E:00000003:0001000b:0000003c:0013f393
A99: 5 | B99: 4 | C99: 5 | D99: 18 | E99: FETCH | F99: 0x00000040 | G99: 0xFE038CE3 | H99: beq t2, zero, 0x00000038 | I99: beq | J99: POLL | K99: 5005 | L99: FETCH|0x00000040|0xFE038CE3 | M99: beq@0x00000040 | N99: =IF(E99="FETCH",IF(COUNTIF($M$6:M99,M99)=1,1,0),0) -> 0 | O99: ROM OK | P99: =IF(AND(E99="FETCH",F99="0x00000048"),C99-1,0) -> 0 | Q99: E:00000004:00010012:00000040:fe038ce3
A100: 5 | B100: 4 | C100: 6 | D100: 22 | E100: FETCH | F100: 0x00000044 | G100: 0x0182AE03 | H100: lw t3, 24(t0) | I100: lw | J100: POLL | K100: 5006 | L100: FETCH|0x00000044|0x0182AE03 | M100: lw@0x00000044 | N100: =IF(E100="FETCH",IF(COUNTIF($M$6:M100,M100)=1,1,0),0) -> 0 | O100: ROM OK | P100: =IF(AND(E100="FETCH",F100="0x00000048"),C100-1,0) -> 0 | Q100: E:00000005:00010016:00000044:0182ae03
A101: 5 | B101: 4 | C101: 7 | D101: 26 | E101: FETCH | F101: 0x00000048 | G101: 0x05400413 | H101: addi s0, zero, 84 | I101: addi | J101: CORE | K101: 5007 | L101: FETCH|0x00000048|0x05400413 | M101: addi@0x00000048 | N101: =IF(E101="FETCH",IF(COUNTIF($M$6:M101,M101)=1,1,0),0) -> 0 | O101: ROM OK | P101: =IF(AND(E101="FETCH",F101="0x00000048"),C101-1,0) -> 6 | Q101: E:00000006:0001001a:00000048:05400413
A102: 5 | B102: 4 | C102: 8 | D102: 33 | E102: FETCH | F102: 0x0000004C | G102: 0x1A8E0063 | H102: beq t3, s0, 0x000001EC | I102: beq | J102: CORE | K102: 5008 | L102: FETCH|0x0000004C|0x1A8E0063 | M102: beq@0x0000004C | N102: =IF(E102="FETCH",IF(COUNTIF($M$6:M102,M102)=1,1,0),0) -> 0 | O102: ROM OK | P102: =IF(AND(E102="FETCH",F102="0x00000048"),C102-1,0) -> 0 | Q102: E:00000007:00010021:0000004c:1a8e0063
A103: 5 | B103: 4 | C103: 9 | D103: 37 | E103: FETCH | F103: 0x00000050 | G103: 0x04300413 | H103: addi s0, zero, 67 | I103: addi | J103: CORE | K103: 5009 | L103: FETCH|0x00000050|0x04300413 | M103: addi@0x00000050 | N103: =IF(E103="FETCH",IF(COUNTIF($M$6:M103,M103)=1,1,0),0) -> 0 | O103: ROM OK | P103: =IF(AND(E103="FETCH",F103="0x00000048"),C103-1,0) -> 0 | Q103: E:00000008:00010025:00000050:04300413
A104: 5 | B104: 4 | C104: 10 | D104: 41 | E104: FETCH | F104: 0x00000054 | G104: 0x188E0063 | H104: beq t3, s0, 0x000001D4 | I104: beq | J104: CORE | K104: 5010 | L104: FETCH|0x00000054|0x188E0063 | M104: beq@0x00000054 | N104: =IF(E104="FETCH",IF(COUNTIF($M$6:M104,M104)=1,1,0),0) -> 0 | O104: ROM OK | P104: =IF(AND(E104="FETCH",F104="0x00000048"),C104-1,0) -> 0 | Q104: E:00000009:00010029:00000054:188e0063
A105: 5 | B105: 4 | C105: 11 | D105: 45 | E105: FETCH | F105: 0x00000058 | G105: 0x03F00413 | H105: addi s0, zero, 63 | I105: addi | J105: CORE | K105: 5011 | L105: FETCH|0x00000058|0x03F00413 | M105: addi@0x00000058 | N105: =IF(E105="FETCH",IF(COUNTIF($M$6:M105,M105)=1,1,0),0) -> 0 | O105: ROM OK | P105: =IF(AND(E105="FETCH",F105="0x00000048"),C105-1,0) -> 0 | Q105: E:0000000a:0001002d:00000058:03f00413
A106: 5 | B106: 4 | C106: 12 | D106: 49 | E106: FETCH | F106: 0x0000005C | G106: 0x0A8E0A63 | H106: beq t3, s0, 0x00000110 | I106: beq | J106: CORE | K106: 5012 | L106: FETCH|0x0000005C|0x0A8E0A63 | M106: beq@0x0000005C | N106: =IF(E106="FETCH",IF(COUNTIF($M$6:M106,M106)=1,1,0),0) -> 0 | O106: ROM OK | P106: =IF(AND(E106="FETCH",F106="0x00000048"),C106-1,0) -> 0 | Q106: E:0000000b:00010031:0000005c:0a8e0a63
... A122: 5 | B122: 4 | C122: 28 | D122: 112 | E122: FETCH | F122: 0x00000104 | G122: 0x0002AF83 | H122: lw t6, 0(t0) | I122: lw | J122: CORE | K122: 5028 | L122: FETCH|0x00000104|0x0002AF83 | M122: lw@0x00000104 | N122: =IF(E122="FETCH",IF(COUNTIF($M$6:M122,M122)=1,1,0),0) -> 0 | O122: ROM OK | P122: =IF(AND(E122="FETCH",F122="0x00000048"),C122-1,0) -> 0 | Q122: E:0000001b:00010070:00000104:0002af83
A123: 5 | B123: 4 | C123: 29 | D123: 115 | E123: LED_WRITE | F123: 0x20000000 | G123: 0x00000008 | H123: MMIO GPIO write | I123: LED_WRITE | J123: MMIO | K123: 5029 | L123: LED_WRITE|0x20000000|0x00000008 | N123: =IF(E123="FETCH",IF(COUNTIF($M$6:M123,M123)=1,1,0),0) -> 0 | O123: MMIO OK | P123: =IF(AND(E123="FETCH",F123="0x00000048"),C123-1,0) -> 0 | Q123: E:0000001c:00020073:20000000:00000008
A124: 6 | B124: 0 | C124: 1 | D124: 1 | E124: FETCH | F124: 0x00000038 | G124: 0x01C2A383 | H124: lw t2, 28(t0) | I124: lw | J124: POLL | K124: 6001 | L124: FETCH|0x00000038|0x01C2A383 | M124: lw@0x00000038 | N124: =IF(E124="FETCH",IF(COUNTIF($M$6:M124,M124)=1,1,0),0) -> 0 | O124: ROM OK | P124: =IF(AND(E124="FETCH",F124="0x00000048"),C124-1,0) -> 0 | Q124: E:00000000:00010001:00000038:01c2a383
A125: 6 | B125: 0 | C125: 2 | D125: 5 | E125: FETCH | F125: 0x0000003C | G125: 0x0013F393 | H125: andi t2, t2, 1 | I125: andi | J125: POLL | K125: 6002 | L125: FETCH|0x0000003C|0x0013F393 | M125: andi@0x0000003C | N125: =IF(E125="FETCH",IF(COUNTIF($M$6:M125,M125)=1,1,0),0) -> 0 | O125: ROM OK | P125: =IF(AND(E125="FETCH",F125="0x00000048"),C125-1,0) -> 0 | Q125: E:00000001:00010005:0000003c:0013f393
A126: 6 | B126: 0 | C126: 3 | D126: 12 | E126: FETCH | F126: 0x00000040 | G126: 0xFE038CE3 | H126: beq t2, zero, 0x00000038 | I126: beq | J126: POLL | K126: 6003 | L126: FETCH|0x00000040|0xFE038CE3 | M126: beq@0x00000040 | N126: =IF(E126="FETCH",IF(COUNTIF($M$6:M126,M126)=1,1,0),0) -> 0 | O126: ROM OK | P126: =IF(AND(E126="FETCH",F126="0x00000048"),C126-1,0) -> 0 | Q126: E:00000002:0001000c:00000040:fe038ce3
A127: 6 | B127: 0 | C127: 4 | D127: 16 | E127: FETCH | F127: 0x00000044 | G127: 0x0182AE03 | H127: lw t3, 24(t0) | I127: lw | J127: POLL | K127: 6004 | L127: FETCH|0x00000044|0x0182AE03 | M127: lw@0x00000044 | N127: =IF(E127="FETCH",IF(COUNTIF($M$6:M127,M127)=1,1,0),0) -> 0 | O127: ROM OK | P127: =IF(AND(E127="FETCH",F127="0x00000048"),C127-1,0) -> 0 | Q127: E:00000003:00010010:00000044:0182ae03
A128: 6 | B128: 0 | C128: 5 | D128: 20 | E128: FETCH | F128: 0x00000048 | G128: 0x05400413 | H128: addi s0, zero, 84 | I128: addi | J128: CORE | K128: 6005 | L128: FETCH|0x00000048|0x05400413 | M128: addi@0x00000048 | N128: =IF(E128="FETCH",IF(COUNTIF($M$6:M128,M128)=1,1,0),0) -> 0 | O128: ROM OK | P128: =IF(AND(E128="FETCH",F128="0x00000048"),C128-1,0) -> 4 | Q128: E:00000004:00010014:00000048:05400413
A129: 6 | B129: 0 | C129: 6 | D129: 27 | E129: FETCH | F129: 0x0000004C | G129: 0x1A8E0063 | H129: beq t3, s0, 0x000001EC | I129: beq | J129: CORE | K129: 6006 | L129: FETCH|0x0000004C|0x1A8E0063 | M129: beq@0x0000004C | N129: =IF(E129="FETCH",IF(COUNTIF($M$6:M129,M129)=1,1,0),0) -> 0 | O129: ROM OK | P129: =IF(AND(E129="FETCH",F129="0x00000048"),C129-1,0) -> 0 | Q129: E:00000005:0001001b:0000004c:1a8e0063
A130: 6 | B130: 0 | C130: 7 | D130: 31 | E130: FETCH | F130: 0x00000050 | G130: 0x04300413 | H130: addi s0, zero, 67 | I130: addi | J130: CORE | K130: 6007 | L130: FETCH|0x00000050|0x04300413 | M130: addi@0x00000050 | N130: =IF(E130="FETCH",IF(COUNTIF($M$6:M130,M130)=1,1,0),0) -> 0 | O130: ROM OK | P130: =IF(AND(E130="FETCH",F130="0x00000048"),C130-1,0) -> 0 | Q130: E:00000006:0001001f:00000050:04300413
A131: 6 | B131: 0 | C131: 8 | D131: 35 | E131: FETCH | F131: 0x00000054 | G131: 0x188E0063 | H131: beq t3, s0, 0x000001D4 | I131: beq | J131: CORE | K131: 6008 | L131: FETCH|0x00000054|0x188E0063 | M131: beq@0x00000054 | N131: =IF(E131="FETCH",IF(COUNTIF($M$6:M131,M131)=1,1,0),0) -> 0 | O131: ROM OK | P131: =IF(AND(E131="FETCH",F131="0x00000048"),C131-1,0) -> 0 | Q131: E:00000007:00010023:00000054:188e0063
A132: 6 | B132: 0 | C132: 9 | D132: 39 | E132: FETCH | F132: 0x00000058 | G132: 0x03F00413 | H132: addi s0, zero, 63 | I132: addi | J132: CORE | K132: 6009 | L132: FETCH|0x00000058|0x03F00413 | M132: addi@0x00000058 | N132: =IF(E132="FETCH",IF(COUNTIF($M$6:M132,M132)=1,1,0),0) -> 0 | O132: ROM OK | P132: =IF(AND(E132="FETCH",F132="0x00000048"),C132-1,0) -> 0 | Q132: E:00000008:00010027:00000058:03f00413
A133: 6 | B133: 0 | C133: 10 | D133: 43 | E133: FETCH | F133: 0x0000005C | G133: 0x0A8E0A63 | H133: beq t3, s0, 0x00000110 | I133: beq | J133: CORE | K133: 6010 | L133: FETCH|0x0000005C|0x0A8E0A63 | M133: beq@0x0000005C | N133: =IF(E133="FETCH",IF(COUNTIF($M$6:M133,M133)=1,1,0),0) -> 0 | O133: ROM OK | P133: =IF(AND(E133="FETCH",F133="0x00000048"),C133-1,0) -> 0 | Q133: E:00000009:0001002b:0000005c:0a8e0a63
A134: 6 | B134: 0 | C134: 11 | D134: 47 | E134: FETCH | F134: 0x00000060 | G134: 0x03000413 | H134: addi s0, zero, 48 | I134: addi | J134: CORE | K134: 6011 | L134: FETCH|0x00000060|0x03000413 | M134: addi@0x00000060 | N134: =IF(E134="FETCH",IF(COUNTIF($M$6:M134,M134)=1,1,0),0) -> 0 | O134: ROM OK | P134: =IF(AND(E134="FETCH",F134="0x00000048"),C134-1,0) -> 0 | Q134: E:0000000a:0001002f:00000060:03000413
A135: 6 | B135: 0 | C135: 12 | D135: 51 | E135: FETCH | F135: 0x00000064 | G135: 0x048E0463 | H135: beq t3, s0, 0x000000AC | I135: beq | J135: CORE | K135: 6012 | L135: FETCH|0x00000064|0x048E0463 | M135: beq@0x00000064 | N135: =IF(E135="FETCH",IF(COUNTIF($M$6:M135,M135)=1,1,0),0) -> 0 | O135: ROM OK | P135: =IF(AND(E135="FETCH",F135="0x00000048"),C135-1,0) -> 0 | Q135: E:0000000b:00010033:00000064:048e0463
... A141: 6 | B141: 0 | C141: 18 | D141: 74 | E141: FETCH | F141: 0x00000104 | G141: 0x0002AF83 | H141: lw t6, 0(t0) | I141: lw | J141: CORE | K141: 6018 | L141: FETCH|0x00000104|0x0002AF83 | M141: lw@0x00000104 | N141: =IF(E141="FETCH",IF(COUNTIF($M$6:M141,M141)=1,1,0),0) -> 0 | O141: ROM OK | P141: =IF(AND(E141="FETCH",F141="0x00000048"),C141-1,0) -> 0 | Q141: E:00000011:0001004a:00000104:0002af83
A142: 6 | B142: 0 | C142: 19 | D142: 77 | E142: LED_WRITE | F142: 0x20000000 | G142: 0x00000000 | H142: MMIO GPIO write | I142: LED_WRITE | J142: MMIO | K142: 6019 | L142: LED_WRITE|0x20000000|0x00000000 | N142: =IF(E142="FETCH",IF(COUNTIF($M$6:M142,M142)=1,1,0),0) -> 0 | O142: MMIO OK | P142: =IF(AND(E142="FETCH",F142="0x00000048"),C142-1,0) -> 0 | Q142: E:00000012:0002004d:20000000:00000000
A143: 7 | B143: 4 | C143: 1 | D143: 1 | E143: FETCH | F143: 0x00000044 | G143: 0x0182AE03 | H143: lw t3, 24(t0) | I143: lw | J143: POLL | K143: 7001 | L143: FETCH|0x00000044|0x0182AE03 | M143: lw@0x00000044 | N143: =IF(E143="FETCH",IF(COUNTIF($M$6:M143,M143)=1,1,0),0) -> 0 | O143: ROM OK | P143: =IF(AND(E143="FETCH",F143="0x00000048"),C143-1,0) -> 0 | Q143: E:00000000:00010001:00000044:0182ae03
A144: 7 | B144: 4 | C144: 2 | D144: 4 | E144: FETCH | F144: 0x00000038 | G144: 0x01C2A383 | H144: lw t2, 28(t0) | I144: lw | J144: POLL | K144: 7002 | L144: FETCH|0x00000038|0x01C2A383 | M144: lw@0x00000038 | N144: =IF(E144="FETCH",IF(COUNTIF($M$6:M144,M144)=1,1,0),0) -> 0 | O144: ROM OK | P144: =IF(AND(E144="FETCH",F144="0x00000048"),C144-1,0) -> 0 | Q144: E:00000001:00010004:00000038:01c2a383
A145: 7 | B145: 4 | C145: 3 | D145: 8 | E145: FETCH | F145: 0x0000003C | G145: 0x0013F393 | H145: andi t2, t2, 1 | I145: andi | J145: POLL | K145: 7003 | L145: FETCH|0x0000003C|0x0013F393 | M145: andi@0x0000003C | N145: =IF(E145="FETCH",IF(COUNTIF($M$6:M145,M145)=1,1,0),0) -> 0 | O145: ROM OK | P145: =IF(AND(E145="FETCH",F145="0x00000048"),C145-1,0) -> 0 | Q145: E:00000002:00010008:0000003c:0013f393
A146: 7 | B146: 4 | C146: 4 | D146: 15 | E146: FETCH | F146: 0x00000040 | G146: 0xFE038CE3 | H146: beq t2, zero, 0x00000038 | I146: beq | J146: POLL | K146: 7004 | L146: FETCH|0x00000040|0xFE038CE3 | M146: beq@0x00000040 | N146: =IF(E146="FETCH",IF(COUNTIF($M$6:M146,M146)=1,1,0),0) -> 0 | O146: ROM OK | P146: =IF(AND(E146="FETCH",F146="0x00000048"),C146-1,0) -> 0 | Q146: E:00000003:0001000f:00000040:fe038ce3
A147: 7 | B147: 4 | C147: 5 | D147: 19 | E147: FETCH | F147: 0x00000044 | G147: 0x0182AE03 | H147: lw t3, 24(t0) | I147: lw | J147: POLL | K147: 7005 | L147: FETCH|0x00000044|0x0182AE03 | M147: lw@0x00000044 | N147: =IF(E147="FETCH",IF(COUNTIF($M$6:M147,M147)=1,1,0),0) -> 0 | O147: ROM OK | P147: =IF(AND(E147="FETCH",F147="0x00000048"),C147-1,0) -> 0 | Q147: E:00000004:00010013:00000044:0182ae03
A148: 7 | B148: 4 | C148: 6 | D148: 23 | E148: FETCH | F148: 0x00000048 | G148: 0x05400413 | H148: addi s0, zero, 84 | I148: addi | J148: CORE | K148: 7006 | L148: FETCH|0x00000048|0x05400413 | M148: addi@0x00000048 | N148: =IF(E148="FETCH",IF(COUNTIF($M$6:M148,M148)=1,1,0),0) -> 0 | O148: ROM OK | P148: =IF(AND(E148="FETCH",F148="0x00000048"),C148-1,0) -> 5 | Q148: E:00000005:00010017:00000048:05400413
A149: 7 | B149: 4 | C149: 7 | D149: 30 | E149: FETCH | F149: 0x0000004C | G149: 0x1A8E0063 | H149: beq t3, s0, 0x000001EC | I149: beq | J149: CORE | K149: 7007 | L149: FETCH|0x0000004C|0x1A8E0063 | M149: beq@0x0000004C | N149: =IF(E149="FETCH",IF(COUNTIF($M$6:M149,M149)=1,1,0),0) -> 0 | O149: ROM OK | P149: =IF(AND(E149="FETCH",F149="0x00000048"),C149-1,0) -> 0 | Q149: E:00000006:0001001e:0000004c:1a8e0063
A150: 7 | B150: 4 | C150: 8 | D150: 34 | E150: FETCH | F150: 0x00000050 | G150: 0x04300413 | H150: addi s0, zero, 67 | I150: addi | J150: CORE | K150: 7008 | L150: FETCH|0x00000050|0x04300413 | M150: addi@0x00000050 | N150: =IF(E150="FETCH",IF(COUNTIF($M$6:M150,M150)=1,1,0),0) -> 0 | O150: ROM OK | P150: =IF(AND(E150="FETCH",F150="0x00000048"),C150-1,0) -> 0 | Q150: E:00000007:00010022:00000050:04300413
A151: 7 | B151: 4 | C151: 9 | D151: 38 | E151: FETCH | F151: 0x00000054 | G151: 0x188E0063 | H151: beq t3, s0, 0x000001D4 | I151: beq | J151: CORE | K151: 7009 | L151: FETCH|0x00000054|0x188E0063 | M151: beq@0x00000054 | N151: =IF(E151="FETCH",IF(COUNTIF($M$6:M151,M151)=1,1,0),0) -> 0 | O151: ROM OK | P151: =IF(AND(E151="FETCH",F151="0x00000048"),C151-1,0) -> 0 | Q151: E:00000008:00010026:00000054:188e0063
A152: 7 | B152: 4 | C152: 10 | D152: 42 | E152: FETCH | F152: 0x00000058 | G152: 0x03F00413 | H152: addi s0, zero, 63 | I152: addi | J152: CORE | K152: 7010 | L152: FETCH|0x00000058|0x03F00413 | M152: addi@0x00000058 | N152: =IF(E152="FETCH",IF(COUNTIF($M$6:M152,M152)=1,1,0),0) -> 0 | O152: ROM OK | P152: =IF(AND(E152="FETCH",F152="0x00000048"),C152-1,0) -> 0 | Q152: E:00000009:0001002a:00000058:03f00413
A153: 7 | B153: 4 | C153: 11 | D153: 46 | E153: FETCH | F153: 0x0000005C | G153: 0x0A8E0A63 | H153: beq t3, s0, 0x00000110 | I153: beq | J153: CORE | K153: 7011 | L153: FETCH|0x0000005C|0x0A8E0A63 | M153: beq@0x0000005C | N153: =IF(E153="FETCH",IF(COUNTIF($M$6:M153,M153)=1,1,0),0) -> 0 | O153: ROM OK | P153: =IF(AND(E153="FETCH",F153="0x00000048"),C153-1,0) -> 0 | Q153: E:0000000a:0001002e:0000005c:0a8e0a63
A154: 7 | B154: 4 | C154: 12 | D154: 50 | E154: FETCH | F154: 0x00000060 | G154: 0x03000413 | H154: addi s0, zero, 48 | I154: addi | J154: CORE | K154: 7012 | L154: FETCH|0x00000060|0x03000413 | M154: addi@0x00000060 | N154: =IF(E154="FETCH",IF(COUNTIF($M$6:M154,M154)=1,1,0),0) -> 0 | O154: ROM OK | P154: =IF(AND(E154="FETCH",F154="0x00000048"),C154-1,0) -> 0 | Q154: E:0000000b:00010032:00000060:03000413
...

Sheet ROM LAB03
A1: ROM LAB-03 / 256 СЛОВ
A3: 202 активных инструкционных слова + 54 хвостовых NOP • адреса и коды из SHA-проверенного lab03_boot.hex
A4: СТАРТ | B4: НАБЛЮДЕНИЕ | C4: СРАВНЕНИЕ | D4: LED / MMIO | E4: КОМАНДЫ | F4: 12 ТРАСС | G4: RAW T3 | H4: ROM | I4: ТЕРМИНЫ | J4: ПРОИСХОЖДЕНИЕ | K4: БИТЫ 202 | L4: 10 КАРТОЧЕК
A5: № ROM | B5: PC | C5: WORD | D5: Мнемоника | E5: Ассемблер | F5: Opcode (7 бит) | G5: Двоичное слово 32 бита | H5: Участок | I5: FETCH (12) | J5: Статус наблюдения
A6: 0 | B6: 0x00000000 | C6: 0x200002B7 | D6: lui | E6: lui t0, 0x20000000 | F6: 0110111 | G6: 0010 0000 0000 0000 0000 0010 1011 0111 | H6: КОД | I6: =COUNTIF('ДАННЫЕ T3'!$F$6:$F$286,B6) -> 0 | J6: =IF(I6>0,"FETCH зарегистрирован","Нет FETCH в окне") -> Нет FETCH в окне
A7: 1 | B7: 0x00000004 | C7: 0x0002A023 | D7: sw | E7: sw zero, 0(t0) | F7: 0100011 | G7: 0000 0000 0000 0010 1010 0000 0010 0011 | H7: КОД | I7: =COUNTIF('ДАННЫЕ T3'!$F$6:$F$286,B7) -> 0 | J7: =IF(I7>0,"FETCH зарегистрирован","Нет FETCH в окне") -> Нет FETCH в окне
A8: 2 | B8: 0x00000008 | C8: 0x05200313 | D8: addi | E8: addi t1, zero, 82 | F8: 0010011 | G8: 0000 0101 0010 0000 0000 0011 0001 0011 | H8: КОД | I8: =COUNTIF('ДАННЫЕ T3'!$F$6:$F$286,B8) -> 0 | J8: =IF(I8>0,"FETCH зарегистрирован","Нет FETCH в окне") -> Нет FETCH в окне
A9: 3 | B9: 0x0000000C | C9: 0x308000EF | D9: jal | E9: jal ra, 0x00000314 | F9: 1101111 | G9: 0011 0000 1000 0000 0000 0000 1110 1111 | H9: КОД | I9: =COUNTIF('ДАННЫЕ T3'!$F$6:$F$286,B9) -> 0 | J9: =IF(I9>0,"FETCH зарегистрирован","Нет FETCH в окне") -> Нет FETCH в окне
A10: 4 | B10: 0x00000010 | C10: 0x04500313 | D10: addi | E10: addi t1, zero, 69 | F10: 0010011 | G10: 0000 0100 0101 0000 0000 0011 0001 0011 | H10: КОД | I10: =COUNTIF('ДАННЫЕ T3'!$F$6:$F$286,B10) -> 0 | J10: =IF(I10>0,"FETCH зарегистрирован","Нет FETCH в окне") -> Нет FETCH в окне
A11: 5 | B11: 0x00000014 | C11: 0x300000EF | D11: jal | E11: jal ra, 0x00000314 | F11: 1101111 | G11: 0011 0000 0000 0000 0000 0000 1110 1111 | H11: КОД | I11: =COUNTIF('ДАННЫЕ T3'!$F$6:$F$286,B11) -> 0 | J11: =IF(I11>0,"FETCH зарегистрирован","Нет FETCH в окне") -> Нет FETCH в окне
A12: 6 | B12: 0x00000018 | C12: 0x04100313 | D12: addi | E12: addi t1, zero, 65 | F12: 0010011 | G12: 0000 0100 0001 0000 0000 0011 0001 0011 | H12: КОД | I12: =COUNTIF('ДАННЫЕ T3'!$F$6:$F$286,B12) -> 0 | J12: =IF(I12>0,"FETCH зарегистрирован","Нет FETCH в окне") -> Нет FETCH в окне
A13: 7 | B13: 0x0000001C | C13: 0x2F8000EF | D13: jal | E13: jal ra, 0x00000314 | F13: 1101111 | G13: 0010 1111 1000 0000 0000 0000 1110 1111 | H13: КОД | I13: =COUNTIF('ДАННЫЕ T3'!$F$6:$F$286,B13) -> 0 | J13: =IF(I13>0,"FETCH зарегистрирован","Нет FETCH в окне") -> Нет FETCH в окне
A14: 8 | B14: 0x00000020 | C14: 0x04400313 | D14: addi | E14: addi t1, zero, 68 | F14: 0010011 | G14: 0000 0100 0100 0000 0000 0011 0001 0011 | H14: КОД | I14: =COUNTIF('ДАННЫЕ T3'!$F$6:$F$286,B14) -> 0 | J14: =IF(I14>0,"FETCH зарегистрирован","Нет FETCH в окне") -> Нет FETCH в окне
A15: 9 | B15: 0x00000024 | C15: 0x2F0000EF | D15: jal | E15: jal ra, 0x00000314 | F15: 1101111 | G15: 0010 1111 0000 0000 0000 0000 1110 1111 | H15: КОД | I15: =COUNTIF('ДАННЫЕ T3'!$F$6:$F$286,B15) -> 0 | J15: =IF(I15>0,"FETCH зарегистрирован","Нет FETCH в окне") -> Нет FETCH в окне
A16: 10 | B16: 0x00000028 | C16: 0x05900313 | D16: addi | E16: addi t1, zero, 89 | F16: 0010011 | G16: 0000 0101 1001 0000 0000 0011 0001 0011 | H16: КОД | I16: =COUNTIF('ДАННЫЕ T3'!$F$6:$F$286,B16) -> 0 | J16: =IF(I16>0,"FETCH зарегистрирован","Нет FETCH в окне") -> Нет FETCH в окне
A17: 11 | B17: 0x0000002C | C17: 0x2E8000EF | D17: jal | E17: jal ra, 0x00000314 | F17: 1101111 | G17: 0010 1110 1000 0000 0000 0000 1110 1111 | H17: КОД | I17: =COUNTIF('ДАННЫЕ T3'!$F$6:$F$286,B17) -> 0 | J17: =IF(I17>0,"FETCH зарегистрирован","Нет FETCH в окне") -> Нет FETCH в окне
... A261: 255 | B261: 0x000003FC | C261: 0x00000013 | D261: nop | E261: nop | F261: 0010011 | G261: 0000 0000 0000 0000 0000 0000 0001 0011 | H261: NOP / PADDING | I261: =COUNTIF('ДАННЫЕ T3'!$F$6:$F$286,B261) -> 0 | J261: =IF(I261>0,"FETCH зарегистрирован","Нет FETCH в окне") -> Нет FETCH в окне

Sheet ЗАХВАТЫ
A1: 12 АППАРАТНЫХ ЗАХВАТОВ
A3: Серия LAB-03.3 • каждая строка связана с сырыми T3 • RAW FETCH меняется, CORE — устойчивый
A4: СТАРТ | B4: НАБЛЮДЕНИЕ | C4: СРАВНЕНИЕ | D4: LED / MMIO | E4: КОМАНДЫ | F4: 12 ТРАСС | G4: RAW T3 | H4: ROM | I4: ТЕРМИНЫ | J4: ПРОИСХОЖДЕНИЕ | K4: БИТЫ 202 | L4: 10 КАРТОЧЕК
A5: № захвата | B5: UART | C5: UTC | D5: FETCH RAW | E5: Событий | F5: LED_WRITE | G5: До PC=0x48 | H5: CORE FETCH | I5: CORE событий | J5: Проверка | K5: Raw filename | L5: SHA-256 RAW | M5: SHA ОК | O5: UART 0 | P5: UART 4
A6: 1 | B6: 4 | C6: 2026-10-20T21:46:43+00:00 | D6: =COUNTIFS('ДАННЫЕ T3'!$A$6:$A$286,A6,'ДАННЫЕ T3'!$E$6:$E$286,"FETCH") -> 25 | E6: =COUNTIF('ДАННЫЕ T3'!$A$6:$A$286,A6) -> 26 | F6: =IFERROR(INDEX('ДАННЫЕ T3'!$G$6:$G$286,MATCH(A6*1000+E6,'ДАННЫЕ T3'!$K$6:$K$286,0)),"") -> 0x00000008 | G6: =SUMIFS('ДАННЫЕ T3'!$P$6:$P$286,'ДАННЫЕ T3'!$A$6:$A$286,A6) -> 3 | H6: =D6-G6 -> 22 | I6: =E6-G6 -> 23 | J6: PASS | K6: raw/run_001_led_4.txt | L6: 60cf35d5d2ba61aeb1cd157b97139bd75db83c8adb7ca58cd3f09c99e0cfd170 | M6: OK | O6: =IF(B6="0",D6,0) -> 0 | P6: =IF(B6="4",D6,0) -> 25
A7: 2 | B7: 0 | C7: 2026-10-20T21:46:45+00:00 | D7: =COUNTIFS('ДАННЫЕ T3'!$A$6:$A$286,A7,'ДАННЫЕ T3'!$E$6:$E$286,"FETCH") -> 19 | E7: =COUNTIF('ДАННЫЕ T3'!$A$6:$A$286,A7) -> 20 | F7: =IFERROR(INDEX('ДАННЫЕ T3'!$G$6:$G$286,MATCH(A7*1000+E7,'ДАННЫЕ T3'!$K$6:$K$286,0)),"") -> 0x00000000 | G7: =SUMIFS('ДАННЫЕ T3'!$P$6:$P$286,'ДАННЫЕ T3'!$A$6:$A$286,A7) -> 5 | H7: =D7-G7 -> 14 | I7: =E7-G7 -> 15 | J7: PASS | K7: raw/run_002_led_0.txt | L7: 812d585cb3d91486edbaaee4ea773d6277be2bfac568376899e2459bf5c9888b | M7: OK | O7: =IF(B7="0",D7,0) -> 19 | P7: =IF(B7="4",D7,0) -> 0
A8: 3 | B8: 4 | C8: 2026-10-20T21:46:47+00:00 | D8: =COUNTIFS('ДАННЫЕ T3'!$A$6:$A$286,A8,'ДАННЫЕ T3'!$E$6:$E$286,"FETCH") -> 24 | E8: =COUNTIF('ДАННЫЕ T3'!$A$6:$A$286,A8) -> 25 | F8: =IFERROR(INDEX('ДАННЫЕ T3'!$G$6:$G$286,MATCH(A8*1000+E8,'ДАННЫЕ T3'!$K$6:$K$286,0)),"") -> 0x00000008 | G8: =SUMIFS('ДАННЫЕ T3'!$P$6:$P$286,'ДАННЫЕ T3'!$A$6:$A$286,A8) -> 2 | H8: =D8-G8 -> 22 | I8: =E8-G8 -> 23 | J8: PASS | K8: raw/run_003_led_4.txt | L8: ba2a4c72611cb82f8e54ee2b2bad4f725d22fc314a17c2f0a6a0efd1d497b80f | M8: OK | O8: =IF(B8="0",D8,0) -> 0 | P8: =IF(B8="4",D8,0) -> 24
A9: 4 | B9: 0 | C9: 2026-10-20T21:46:49+00:00 | D9: =COUNTIFS('ДАННЫЕ T3'!$A$6:$A$286,A9,'ДАННЫЕ T3'!$E$6:$E$286,"FETCH") -> 17 | E9: =COUNTIF('ДАННЫЕ T3'!$A$6:$A$286,A9) -> 18 | F9: =IFERROR(INDEX('ДАННЫЕ T3'!$G$6:$G$286,MATCH(A9*1000+E9,'ДАННЫЕ T3'!$K$6:$K$286,0)),"") -> 0x00000000 | G9: =SUMIFS('ДАННЫЕ T3'!$P$6:$P$286,'ДАННЫЕ T3'!$A$6:$A$286,A9) -> 3 | H9: =D9-G9 -> 14 | I9: =E9-G9 -> 15 | J9: PASS | K9: raw/run_004_led_0.txt | L9: b19aa59fa8509e8c9ebdc4817adae904b630f89a004363867fb46636eaabbb08 | M9: OK | O9: =IF(B9="0",D9,0) -> 17 | P9: =IF(B9="4",D9,0) -> 0
A10: 5 | B10: 4 | C10: 2026-10-20T21:46:50+00:00 | D10: =COUNTIFS('ДАННЫЕ T3'!$A$6:$A$286,A10,'ДАННЫЕ T3'!$E$6:$E$286,"FETCH") -> 28 | E10: =COUNTIF('ДАННЫЕ T3'!$A$6:$A$286,A10) -> 29 | F10: =IFERROR(INDEX('ДАННЫЕ T3'!$G$6:$G$286,MATCH(A10*1000+E10,'ДАННЫЕ T3'!$K$6:$K$286,0)),"") -> 0x00000008 | G10: =SUMIFS('ДАННЫЕ T3'!$P$6:$P$286,'ДАННЫЕ T3'!$A$6:$A$286,A10) -> 6 | H10: =D10-G10 -> 22 | I10: =E10-G10 -> 23 | J10: PASS | K10: raw/run_005_led_4.txt | L10: 22c15a2d9d747302c8fd4cc75b569feef8d9ad77655861ad26765a58fae6d8fa | M10: OK | O10: =IF(B10="0",D10,0) -> 0 | P10: =IF(B10="4",D10,0) -> 28
A11: 6 | B11: 0 | C11: 2026-10-20T21:46:52+00:00 | D11: =COUNTIFS('ДАННЫЕ T3'!$A$6:$A$286,A11,'ДАННЫЕ T3'!$E$6:$E$286,"FETCH") -> 18 | E11: =COUNTIF('ДАННЫЕ T3'!$A$6:$A$286,A11) -> 19 | F11: =IFERROR(INDEX('ДАННЫЕ T3'!$G$6:$G$286,MATCH(A11*1000+E11,'ДАННЫЕ T3'!$K$6:$K$286,0)),"") -> 0x00000000 | G11: =SUMIFS('ДАННЫЕ T3'!$P$6:$P$286,'ДАННЫЕ T3'!$A$6:$A$286,A11) -> 4 | H11: =D11-G11 -> 14 | I11: =E11-G11 -> 15 | J11: PASS | K11: raw/run_006_led_0.txt | L11: 57eeb8f79309060d826529ec5464776811c66be3063a17b0da692ae3fff1266a | M11: OK | O11: =IF(B11="0",D11,0) -> 18 | P11: =IF(B11="4",D11,0) -> 0
A12: 7 | B12: 4 | C12: 2026-10-20T21:46:54+00:00 | D12: =COUNTIFS('ДАННЫЕ T3'!$A$6:$A$286,A12,'ДАННЫЕ T3'!$E$6:$E$286,"FETCH") -> 27 | E12: =COUNTIF('ДАННЫЕ T3'!$A$6:$A$286,A12) -> 28 | F12: =IFERROR(INDEX('ДАННЫЕ T3'!$G$6:$G$286,MATCH(A12*1000+E12,'ДАННЫЕ T3'!$K$6:$K$286,0)),"") -> 0x00000008 | G12: =SUMIFS('ДАННЫЕ T3'!$P$6:$P$286,'ДАННЫЕ T3'!$A$6:$A$286,A12) -> 5 | H12: =D12-G12 -> 22 | I12: =E12-G12 -> 23 | J12: PASS | K12: raw/run_007_led_4.txt | L12: 65475e4357efd71b53c24425eecc3949ef3e5aa5e64b2b8f5f699cd0085fc9c3 | M12: OK | O12: =IF(B12="0",D12,0) -> 0 | P12: =IF(B12="4",D12,0) -> 27
A13: 8 | B13: 0 | C13: 2026-10-20T21:46:55+00:00 | D13: =COUNTIFS('ДАННЫЕ T3'!$A$6:$A$286,A13,'ДАННЫЕ T3'!$E$6:$E$286,"FETCH") -> 19 | E13: =COUNTIF('ДАННЫЕ T3'!$A$6:$A$286,A13) -> 20 | F13: =IFERROR(INDEX('ДАННЫЕ T3'!$G$6:$G$286,MATCH(A13*1000+E13,'ДАННЫЕ T3'!$K$6:$K$286,0)),"") -> 0x00000000 | G13: =SUMIFS('ДАННЫЕ T3'!$P$6:$P$286,'ДАННЫЕ T3'!$A$6:$A$286,A13) -> 5 | H13: =D13-G13 -> 14 | I13: =E13-G13 -> 15 | J13: PASS | K13: raw/run_008_led_0.txt | L13: 9b4786d1db456ec104b6964556c24a02f906711fca9711d68447ca2190594f2e | M13: OK | O13: =IF(B13="0",D13,0) -> 19 | P13: =IF(B13="4",D13,0) -> 0
A14: 9 | B14: 4 | C14: 2026-10-20T21:46:57+00:00 | D14: =COUNTIFS('ДАННЫЕ T3'!$A$6:$A$286,A14,'ДАННЫЕ T3'!$E$6:$E$286,"FETCH") -> 25 | E14: =COUNTIF('ДАННЫЕ T3'!$A$6:$A$286,A14) -> 26 | F14: =IFERROR(INDEX('ДАННЫЕ T3'!$G$6:$G$286,MATCH(A14*1000+E14,'ДАННЫЕ T3'!$K$6:$K$286,0)),"") -> 0x00000008 | G14: =SUMIFS('ДАННЫЕ T3'!$P$6:$P$286,'ДАННЫЕ T3'!$A$6:$A$286,A14) -> 3 | H14: =D14-G14 -> 22 | I14: =E14-G14 -> 23 | J14: PASS | K14: raw/run_009_led_4.txt | L14: 60cf35d5d2ba61aeb1cd157b97139bd75db83c8adb7ca58cd3f09c99e0cfd170 | M14: OK | O14: =IF(B14="0",D14,0) -> 0 | P14: =IF(B14="4",D14,0) -> 25
A15: 10 | B15: 0 | C15: 2026-10-20T21:46:59+00:00 | D15: =COUNTIFS('ДАННЫЕ T3'!$A$6:$A$286,A15,'ДАННЫЕ T3'!$E$6:$E$286,"FETCH") -> 20 | E15: =COUNTIF('ДАННЫЕ T3'!$A$6:$A$286,A15) -> 21 | F15: =IFERROR(INDEX('ДАННЫЕ T3'!$G$6:$G$286,MATCH(A15*1000+E15,'ДАННЫЕ T3'!$K$6:$K$286,0)),"") -> 0x00000000 | G15: =SUMIFS('ДАННЫЕ T3'!$P$6:$P$286,'ДАННЫЕ T3'!$A$6:$A$286,A15) -> 6 | H15: =D15-G15 -> 14 | I15: =E15-G15 -> 15 | J15: PASS | K15: raw/run_010_led_0.txt | L15: 359552701dd6001a18fa0669d801474aa58d51799f947ac5fa098c0c9657cea8 | M15: OK | O15: =IF(B15="0",D15,0) -> 20 | P15: =IF(B15="4",D15,0) -> 0
A16: 11 | B16: 4 | C16: 2026-10-20T21:47:00+00:00 | D16: =COUNTIFS('ДАННЫЕ T3'!$A$6:$A$286,A16,'ДАННЫЕ T3'!$E$6:$E$286,"FETCH") -> 27 | E16: =COUNTIF('ДАННЫЕ T3'!$A$6:$A$286,A16) -> 28 | F16: =IFERROR(INDEX('ДАННЫЕ T3'!$G$6:$G$286,MATCH(A16*1000+E16,'ДАННЫЕ T3'!$K$6:$K$286,0)),"") -> 0x00000008 | G16: =SUMIFS('ДАННЫЕ T3'!$P$6:$P$286,'ДАННЫЕ T3'!$A$6:$A$286,A16) -> 5 | H16: =D16-G16 -> 22 | I16: =E16-G16 -> 23 | J16: PASS | K16: raw/run_011_led_4.txt | L16: 65475e4357efd71b53c24425eecc3949ef3e5aa5e64b2b8f5f699cd0085fc9c3 | M16: OK | O16: =IF(B16="0",D16,0) -> 0 | P16: =IF(B16="4",D16,0) -> 27
A17: 12 | B17: 0 | C17: 2026-10-20T21:47:02+00:00 | D17: =COUNTIFS('ДАННЫЕ T3'!$A$6:$A$286,A17,'ДАННЫЕ T3'!$E$6:$E$286,"FETCH") -> 20 | E17: =COUNTIF('ДАННЫЕ T3'!$A$6:$A$286,A17) -> 21 | F17: =IFERROR(INDEX('ДАННЫЕ T3'!$G$6:$G$286,MATCH(A17*1000+E17,'ДАННЫЕ T3'!$K$6:$K$286,0)),"") -> 0x00000000 | G17: =SUMIFS('ДАННЫЕ T3'!$P$6:$P$286,'ДАННЫЕ T3'!$A$6:$A$286,A17) -> 6 | H17: =D17-G17 -> 14 | I17: =E17-G17 -> 15 | J17: PASS | K17: raw/run_012_led_0.txt | L17: 6bd27554aad6ff5355dcc97386ac644450566434557e47c4277a2ea41c7c8734 | M17: OK | O17: =IF(B17="0",D17,0) -> 20 | P17: =IF(B17="4",D17,0) -> 0
A19: СРАВНЕНИЕ ПОВТОРЯЕМОСТИ: ЧИСЛО RAW FETCH
B42: Отличие полного количества FETCH объясняется вариацией префикса UART polling. Для корректного сопоставления используйте сравнение от единственного PC=0x00000048 до LED_WRITE. Не приравнивайте циклы разных захватов.

Sheet КОМАНДЫ
A1: КОМАНДЫ RV32I / ТОЛЬКО НАШИ ДАННЫЕ
A3: 6 мнемоник реально встречаются в FETCH • ещё 4 присутствуют в ROM • NOP только хвостовое заполнение
A4: СТАРТ | B4: НАБЛЮДЕНИЕ | C4: СРАВНЕНИЕ | D4: LED / MMIO | E4: КОМАНДЫ | F4: 12 ТРАСС | G4: RAW T3 | H4: ROM | I4: ТЕРМИНЫ | J4: ПРОИСХОЖДЕНИЕ | K4: БИТЫ 202 | L4: 10 КАРТОЧЕК
A6: Команда | B6: English | C6: Формат | D6: Синтаксис | E6: Действие ISA | F6: Роль в LAB-03 | G6: FETCH всего | H6: Разных PC | I6: ROM слов | J6: Пример PC | K6: Машинное слово | L6: Дизассемблирование | M6: Наблюдение | N6: Граница вывода
A7: addi | B7: Add Immediate | C7: I | D7: addi rd, rs1, imm | E7: rd ← rs1 + sign_extend(imm) | F7: Задаёт ASCII-коды команд, маски и небольшие константы. | G7: =COUNTIF('ДАННЫЕ T3'!$I$6:$I$286,A7) -> 108 | H7: =SUMIF('ДАННЫЕ T3'!$I$6:$I$286,A7,'ДАННЫЕ T3'!$N$6:$N$286) -> 13 | I7: =COUNTIF('ROM LAB03'!$D$6:$D$261,A7) -> 78 | J7: 0x00000048 | K7: 0x05400413 | L7: addi s0, zero, 84 | M7: =IF(G7>0,"FETCH Наблюдался",IF(A7="nop","NOP/PADDING","ТОЛЬКО ROM")) -> FETCH Наблюдался | N7: FETCH ≠ retirement
A8: andi | B8: AND Immediate | C8: I | D8: andi rd, rs1, imm | E8: rd ← rs1 AND sign_extend(imm) | F8: PC 0x03C: оставляет бит готовности UART_RX_STATUS. | G8: =COUNTIF('ДАННЫЕ T3'!$I$6:$I$286,A8) -> 11 | H8: =SUMIF('ДАННЫЕ T3'!$I$6:$I$286,A8,'ДАННЫЕ T3'!$N$6:$N$286) -> 1 | I8: =COUNTIF('ROM LAB03'!$D$6:$D$261,A8) -> 4 | J8: 0x0000003C | K8: 0x0013F393 | L8: andi t2, t2, 1 | M8: =IF(G8>0,"FETCH Наблюдался",IF(A8="nop","NOP/PADDING","ТОЛЬКО ROM")) -> FETCH Наблюдался | N8: FETCH ≠ retirement
A9: beq | B9: Branch if Equal | C9: B | D9: beq rs1, rs2, target | E9: Если rs1=rs2, переход к target | F9: PC 0x040: возврат к polling при отсутствии байта. | G9: =COUNTIF('ДАННЫЕ T3'!$I$6:$I$286,A9) -> 87 | H9: =SUMIF('ДАННЫЕ T3'!$I$6:$I$286,A9,'ДАННЫЕ T3'!$N$6:$N$286) -> 9 | I9: =COUNTIF('ROM LAB03'!$D$6:$D$261,A9) -> 23 | J9: 0x00000040 | K9: 0xFE038CE3 | L9: beq t2, zero, 0x00000038 | M9: =IF(G9>0,"FETCH Наблюдался",IF(A9="nop","NOP/PADDING","ТОЛЬКО ROM")) -> FETCH Наблюдался | N9: FETCH ≠ retirement
A10: jal | B10: Jump And Link | C10: J | D10: jal rd, target | E10: rd ← PC+4; PC ← target | F10: Переход к общей процедуре apply. | G10: =COUNTIF('ДАННЫЕ T3'!$I$6:$I$286,A10) -> 12 | H10: =SUMIF('ДАННЫЕ T3'!$I$6:$I$286,A10,'ДАННЫЕ T3'!$N$6:$N$286) -> 2 | I10: =COUNTIF('ROM LAB03'!$D$6:$D$261,A10) -> 68 | J10: 0x000000B4 | K10: 0x04C0006F | L10: jal zero, 0x00000100 | M10: =IF(G10>0,"FETCH Наблюдался",IF(A10="nop","NOP/PADDING","ТОЛЬКО ROM")) -> FETCH Наблюдался | N10: FETCH ≠ retirement
A11: lw | B11: Load Word | C11: I | D11: lw rd, offset(rs1) | E11: rd ← MEM32[rs1 + offset] | F11: Читает UART-статус и код команды; после sw — readback LED. | G11: =COUNTIF('ДАННЫЕ T3'!$I$6:$I$286,A11) -> 39 | H11: =SUMIF('ДАННЫЕ T3'!$I$6:$I$286,A11,'ДАННЫЕ T3'!$N$6:$N$286) -> 3 | I11: =COUNTIF('ROM LAB03'!$D$6:$D$261,A11) -> 10 | J11: 0x00000104 | K11: 0x0002AF83 | L11: lw t6, 0(t0) | M11: =IF(G11>0,"FETCH Наблюдался",IF(A11="nop","NOP/PADDING","ТОЛЬКО ROM")) -> FETCH Наблюдался | N11: FETCH ≠ retirement
A12: sw | B12: Store Word | C12: S | D12: sw rs2, offset(rs1) | E12: MEM32[rs1 + offset] ← rs2 | F12: PC 0x100: инструкция записи LED-регистра через MMIO. | G12: =COUNTIF('ДАННЫЕ T3'!$I$6:$I$286,A12) -> 12 | H12: =SUMIF('ДАННЫЕ T3'!$I$6:$I$286,A12,'ДАННЫЕ T3'!$N$6:$N$286) -> 1 | I12: =COUNTIF('ROM LAB03'!$D$6:$D$261,A12) -> 5 | J12: 0x00000100 | K12: 0x01D2A023 | L12: sw t4, 0(t0) | M12: =IF(G12>0,"FETCH Наблюдался",IF(A12="nop","NOP/PADDING","ТОЛЬКО ROM")) -> FETCH Наблюдался | N12: FETCH ≠ retirement
A13: lui | B13: Load Upper Immediate | C13: U | D13: lui rd, imm20 | E13: rd ← imm20 << 12 | F13: PC 0x000: формирует t0=0x20000000. | G13: =COUNTIF('ДАННЫЕ T3'!$I$6:$I$286,A13) -> 0 | H13: =SUMIF('ДАННЫЕ T3'!$I$6:$I$286,A13,'ДАННЫЕ T3'!$N$6:$N$286) -> 0 | I13: =COUNTIF('ROM LAB03'!$D$6:$D$261,A13) -> 1 | J13: 0x00000000 | K13: 0x200002B7 | L13: lui t0, 0x20000000 | M13: =IF(G13>0,"FETCH Наблюдался",IF(A13="nop","NOP/PADDING","ТОЛЬКО ROM")) -> ТОЛЬКО ROM | N13: В 12 трассах нет FETCH
A14: bne | B14: Branch if Not Equal | C14: B | D14: bne rs1, rs2, target | E14: Если rs1≠rs2, переход к target | F14: PC 0x108: сверка readback с записанной маской. | G14: =COUNTIF('ДАННЫЕ T3'!$I$6:$I$286,A14) -> 0 | H14: =SUMIF('ДАННЫЕ T3'!$I$6:$I$286,A14,'ДАННЫЕ T3'!$N$6:$N$286) -> 0 | I14: =COUNTIF('ROM LAB03'!$D$6:$D$261,A14) -> 1 | J14: 0x00000108 | K14: 0x0BDF9C63 | L14: bne t6, t4, 0x000001C0 | M14: =IF(G14>0,"FETCH Наблюдался",IF(A14="nop","NOP/PADDING","ТОЛЬКО ROM")) -> ТОЛЬКО ROM | N14: В 12 трассах нет FETCH
A15: srli | B15: Shift Right Logical Immediate | C15: I | D15: srli rd, rs1, shamt | E15: rd ← unsigned(rs1) >> shamt | F15: Печать T3: получение шестнадцатеричных цифр. | G15: =COUNTIF('ДАННЫЕ T3'!$I$6:$I$286,A15) -> 0 | H15: =SUMIF('ДАННЫЕ T3'!$I$6:$I$286,A15,'ДАННЫЕ T3'!$N$6:$N$286) -> 0 | I15: =COUNTIF('ROM LAB03'!$D$6:$D$261,A15) -> 8 | J15: 0x000002A4 | K15: 0x01C55313 | L15: srli t1, a0, 28 | M15: =IF(G15>0,"FETCH Наблюдался",IF(A15="nop","NOP/PADDING","ТОЛЬКО ROM")) -> ТОЛЬКО ROM | N15: В 12 трассах нет FETCH
A16: jalr | B16: Jump And Link Register | C16: I | D16: jalr rd, offset(rs1) | E16: rd ← PC+4; PC ← (rs1+offset) & ~1 | F16: Возвраты из функций UART-печати. | G16: =COUNTIF('ДАННЫЕ T3'!$I$6:$I$286,A16) -> 0 | H16: =SUMIF('ДАННЫЕ T3'!$I$6:$I$286,A16,'ДАННЫЕ T3'!$N$6:$N$286) -> 0 | I16: =COUNTIF('ROM LAB03'!$D$6:$D$261,A16) -> 4 | J16: 0x000002E4 | K16: 0x000B8067 | L16: jalr zero, 0(s7) | M16: =IF(G16>0,"FETCH Наблюдался",IF(A16="nop","NOP/PADDING","ТОЛЬКО ROM")) -> ТОЛЬКО ROM | N16: В 12 трассах нет FETCH
A17: nop | B17: No Operation | C17: I | D17: nop (addi zero, zero, 0) | E17: Не изменяет архитектурного состояния | F17: 54 слова заполнения ROM, не наблюдаются в трассах. | G17: =COUNTIF('ДАННЫЕ T3'!$I$6:$I$286,A17) -> 0 | H17: =SUMIF('ДАННЫЕ T3'!$I$6:$I$286,A17,'ДАННЫЕ T3'!$N$6:$N$286) -> 0 | I17: =COUNTIF('ROM LAB03'!$D$6:$D$261,A17) -> 54 | J17: 0x00000328 | K17: 0x00000013 | L17: nop | M17: =IF(G17>0,"FETCH Наблюдался",IF(A17="nop","NOP/PADDING","ТОЛЬКО ROM")) -> NOP/PADDING | N17: В 12 трассах нет FETCH
A19: Сведения о назначении команд — по исходному коду LAB-03 и зафиксированной ROM. Числа FETCH вычисляются из листа «ДАННЫЕ T3». Команды только из ROM не объявляются аппаратно выполненными.

Sheet КАТАЛОГ БИТОВ
A1: LAB-03 / МАШИННЫЕ КОМАНДЫ — 202 РАЗБОРА
A3: Все 202 слова действующей прошивки (ROM 0x000…0x324). Только 29 PC наблюдались в серии 12 T3. 54 хвостовых NOP — заполнение, не активная программа.
A4: СТАРТ | B4: НАБЛЮДЕНИЕ | C4: СРАВНЕНИЕ | D4: LED / MMIO | E4: КОМАНДЫ | F4: 12 ТРАСС | G4: RAW T3 | H4: ROM | I4: ТЕРМИНЫ | J4: ПРОИСХОЖДЕНИЕ | K4: БИТЫ 202 | L4: 10 КАРТОЧЕК
B6: Каталог: каждый адрес PC, машинное слово, инструкция, тип кодирования и поля [31:0] из неизменной LAB-03 ROM.
A8: № | B8: PC | C8: WORD | D8: RV32I ASM | E8: Команда | F8: Формат | G8: FETCH (12) | H8: imm, dec | I8: Target | J8: Binary [31:0] | K8: Действие / замечание | L8: Статус | M8: Поле 1 · биты / значение / имя | N8: Поле 2 · биты / значение / имя | O8: Поле 3 · биты / значение / имя | P8: Поле 4 · биты / значение / имя | Q8: Поле 5 · биты / значение / имя | R8: Поле 6 · биты / значение / имя | S8: Поле 7 · биты / значение / имя | T8: Поле 8 · биты / значение / имя
A9: 1 | B9: 0x00000000 | C9: 0x200002B7 | D9: lui t0, 0x20000000 | E9: lui | F9: U | G9: 0 | H9: 131072 | I9: — | J9: 00100000000000000000001010110111 | K9: rd (t0) ← 0x20000000. Здесь формируется старшая часть адреса периферии. | L9: Только ROM | M9: 31–12 00100000000000000000 imm[31:12] | N9: 11–7 00101 rd | O9: 6–0 0110111 opcode
A10: 2 | B10: 0x00000004 | C10: 0x0002A023 | D10: sw zero, 0(t0) | E10: sw | F10: S | G10: 0 | H10: 0 | I10: — | J10: 00000000000000101010000000100011 | K10: MEM32[t0 +0] ← zero. Число, находящееся в rs2, не кодируется в самой инструкции. | L10: Только ROM | M10: 31–25 0000000 imm[11:5] | N10: 24–20 00000 rs2 | O10: 19–15 00101 rs1 | P10: 14–12 010 funct3 | Q10: 11–7 00000 imm[4:0] | R10: 6–0 0100011 opcode
A11: 3 | B11: 0x00000008 | C11: 0x05200313 | D11: addi t1, zero, 82 | E11: addi | F11: I | G11: 0 | H11: 82 | I11: — | J11: 00000101001000000000001100010011 | K11: t1 ← zero + (+82); арифметика RV32I по модулю 2³². | L11: Только ROM | M11: 31–20 000001010010 imm[11:0] | N11: 19–15 00000 rs1 | O11: 14–12 000 funct3 | P11: 11–7 00110 rd | Q11: 6–0 0010011 opcode
A12: 4 | B12: 0x0000000C | C12: 0x308000EF | D12: jal ra, 0x00000314 | E12: jal | F12: J | G12: 0 | H12: 776 | I12: 0x00000314 | J12: 00110000100000000000000011101111 | K12: PC ← 0x00000314; rd (ra) ← PC+4. Смещение +776 байт относительно PC. | L12: Только ROM | M12: 31 0 imm[20] | N12: 30–21 0110000100 imm[10:1] | O12: 20 0 imm[11] | P12: 19–12 00000000 imm[19:12] | Q12: 11–7 00001 rd | R12: 6–0 1101111 opcode
A13: 5 | B13: 0x00000010 | C13: 0x04500313 | D13: addi t1, zero, 69 | E13: addi | F13: I | G13: 0 | H13: 69 | I13: — | J13: 00000100010100000000001100010011 | K13: t1 ← zero + (+69); арифметика RV32I по модулю 2³². | L13: Только ROM | M13: 31–20 000001000101 imm[11:0] | N13: 19–15 00000 rs1 | O13: 14–12 000 funct3 | P13: 11–7 00110 rd | Q13: 6–0 0010011 opcode
A14: 6 | B14: 0x00000014 | C14: 0x300000EF | D14: jal ra, 0x00000314 | E14: jal | F14: J | G14: 0 | H14: 768 | I14: 0x00000314 | J14: 00110000000000000000000011101111 | K14: PC ← 0x00000314; rd (ra) ← PC+4. Смещение +768 байт относительно PC. | L14: Только ROM | M14: 31 0 imm[20] | N14: 30–21 0110000000 imm[10:1] | O14: 20 0 imm[11] | P14: 19–12 00000000 imm[19:12] | Q14: 11–7 00001 rd | R14: 6–0 1101111 opcode
A15: 7 | B15: 0x00000018 | C15: 0x04100313 | D15: addi t1, zero, 65 | E15: addi | F15: I | G15: 0 | H15: 65 | I15: — | J15: 00000100000100000000001100010011 | K15: t1 ← zero + (+65); арифметика RV32I по модулю 2³². | L15: Только ROM | M15: 31–20 000001000001 imm[11:0] | N15: 19–15 00000 rs1 | O15: 14–12 000 funct3 | P15: 11–7 00110 rd | Q15: 6–0 0010011 opcode
A16: 8 | B16: 0x0000001C | C16: 0x2F8000EF | D16: jal ra, 0x00000314 | E16: jal | F16: J | G16: 0 | H16: 760 | I16: 0x00000314 | J16: 00101111100000000000000011101111 | K16: PC ← 0x00000314; rd (ra) ← PC+4. Смещение +760 байт относительно PC. | L16: Только ROM | M16: 31 0 imm[20] | N16: 30–21 0101111100 imm[10:1] | O16: 20 0 imm[11] | P16: 19–12 00000000 imm[19:12] | Q16: 11–7 00001 rd | R16: 6–0 1101111 opcode
A17: 9 | B17: 0x00000020 | C17: 0x04400313 | D17: addi t1, zero, 68 | E17: addi | F17: I | G17: 0 | H17: 68 | I17: — | J17: 00000100010000000000001100010011 | K17: t1 ← zero + (+68); арифметика RV32I по модулю 2³². | L17: Только ROM | M17: 31–20 000001000100 imm[11:0] | N17: 19–15 00000 rs1 | O17: 14–12 000 funct3 | P17: 11–7 00110 rd | Q17: 6–0 0010011 opcode
A18: 10 | B18: 0x00000024 | C18: 0x2F0000EF | D18: jal ra, 0x00000314 | E18: jal | F18: J | G18: 0 | H18: 752 | I18: 0x00000314 | J18: 00101111000000000000000011101111 | K18: PC ← 0x00000314; rd (ra) ← PC+4. Смещение +752 байт относительно PC. | L18: Только ROM | M18: 31 0 imm[20] | N18: 30–21 0101111000 imm[10:1] | O18: 20 0 imm[11] | P18: 19–12 00000000 imm[19:12] | Q18: 11–7 00001 rd | R18: 6–0 1101111 opcode
A19: 11 | B19: 0x00000028 | C19: 0x05900313 | D19: addi t1, zero, 89 | E19: addi | F19: I | G19: 0 | H19: 89 | I19: — | J19: 00000101100100000000001100010011 | K19: t1 ← zero + (+89); арифметика RV32I по модулю 2³². | L19: Только ROM | M19: 31–20 000001011001 imm[11:0] | N19: 19–15 00000 rs1 | O19: 14–12 000 funct3 | P19: 11–7 00110 rd | Q19: 6–0 0010011 opcode
A20: 12 | B20: 0x0000002C | C20: 0x2E8000EF | D20: jal ra, 0x00000314 | E20: jal | F20: J | G20: 0 | H20: 744 | I20: 0x00000314 | J20: 00101110100000000000000011101111 | K20: PC ← 0x00000314; rd (ra) ← PC+4. Смещение +744 байт относительно PC. | L20: Только ROM | M20: 31 0 imm[20] | N20: 30–21 0101110100 imm[10:1] | O20: 20 0 imm[11] | P20: 19–12 00000000 imm[19:12] | Q20: 11–7 00001 rd | R20: 6–0 1101111 opcode
A21: 13 | B21: 0x00000030 | C21: 0x00A00313 | D21: addi t1, zero, 10 | E21: addi | F21: I | G21: 0 | H21: 10 | I21: — | J21: 00000000101000000000001100010011 | K21: t1 ← zero + (+10); арифметика RV32I по модулю 2³². | L21: Только ROM | M21: 31–20 000000001010 imm[11:0] | N21: 19–15 00000 rs1 | O21: 14–12 000 funct3 | P21: 11–7 00110 rd | Q21: 6–0 0010011 opcode
A22: 14 | B22: 0x00000034 | C22: 0x2E0000EF | D22: jal ra, 0x00000314 | E22: jal | F22: J | G22: 0 | H22: 736 | I22: 0x00000314 | J22: 00101110000000000000000011101111 | K22: PC ← 0x00000314; rd (ra) ← PC+4. Смещение +736 байт относительно PC. | L22: Только ROM | M22: 31 0 imm[20] | N22: 30–21 0101110000 imm[10:1] | O22: 20 0 imm[11] | P22: 19–12 00000000 imm[19:12] | Q22: 11–7 00001 rd | R22: 6–0 1101111 opcode
A23: 15 | B23: 0x00000038 | C23: 0x01C2A383 | D23: lw t2, 28(t0) | E23: lw | F23: I | G23: 8 | H23: 28 | I23: — | J23: 00000001110000101010001110000011 | K23: t2 ← MEM32[t0 +28]. FETCH этой инструкции не удостоверяет регистрацию DATA_READ. | L23: FETCH был | M23: 31–20 000000011100 imm[11:0] | N23: 19–15 00101 rs1 | O23: 14–12 010 funct3 | P23: 11–7 00111 rd | Q23: 6–0 0000011 opcode
A24: 16 | B24: 0x0000003C | C24: 0x0013F393 | D24: andi t2, t2, 1 | E24: andi | F24: I | G24: 11 | H24: 1 | I24: — | J24: 00000000000100111111001110010011 | K24: t2 ← t2 AND (+1); побитовое И с sign_extend(imm). | L24: FETCH был | M24: 31–20 000000000001 imm[11:0] | N24: 19–15 00111 rs1 | O24: 14–12 111 funct3 | P24: 11–7 00111 rd | Q24: 6–0 0010011 opcode
A25: 17 | B25: 0x00000040 | C25: 0xFE038CE3 | D25: beq t2, zero, 0x00000038 | E25: beq | F25: B | G25: 15 | H25: -8 | I25: 0x00000038 | J25: 11111110000000111000110011100011 | K25: Если t2 = zero, PC ← 0x00000038; иначе PC ← PC+4. Смещение -8 байт. | L25: FETCH был | M25: 31 1 imm[12] | N25: 30–25 111111 imm[10:5] | O25: 24–20 00000 rs2 | P25: 19–15 00111 rs1 | Q25: 14–12 000 funct3 | R25: 11–8 1100 imm[4:1] | S25: 7 1 imm[11] | T25: 6–0 1100011 opcode
A26: 18 | B26: 0x00000044 | C26: 0x0182AE03 | D26: lw t3, 24(t0) | E26: lw | F26: I | G26: 19 | H26: 24 | I26: — | J26: 00000001100000101010111000000011 | K26: t3 ← MEM32[t0 +24]. FETCH этой инструкции не удостоверяет регистрацию DATA_READ. | L26: FETCH был | M26: 31–20 000000011000 imm[11:0] | N26: 19–15 00101 rs1 | O26: 14–12 010 funct3 | P26: 11–7 11100 rd | Q26: 6–0 0000011 opcode
A27: 19 | B27: 0x00000048 | C27: 0x05400413 | D27: addi s0, zero, 84 | E27: addi | F27: I | G27: 12 | H27: 84 | I27: — | J27: 00000101010000000000010000010011 | K27: s0 ← zero + (+84); арифметика RV32I по модулю 2³². | L27: FETCH был | M27: 31–20 000001010100 imm[11:0] | N27: 19–15 00000 rs1 | O27: 14–12 000 funct3 | P27: 11–7 01000 rd | Q27: 6–0 0010011 opcode
A28: 20 | B28: 0x0000004C | C28: 0x1A8E0063 | D28: beq t3, s0, 0x000001ec | E28: beq | F28: B | G28: 12 | H28: 416 | I28: 0x000001EC | J28: 00011010100011100000000001100011 | K28: Если t3 = s0, PC ← 0x000001EC; иначе PC ← PC+4. Смещение +416 байт. | L28: FETCH был | M28: 31 0 imm[12] | N28: 30–25 001101 imm[10:5] | O28: 24–20 01000 rs2 | P28: 19–15 11100 rs1 | Q28: 14–12 000 funct3 | R28: 11–8 0000 imm[4:1] | S28: 7 0 imm[11] | T28: 6–0 1100011 opcode
A29: 21 | B29: 0x00000050 | C29: 0x04300413 | D29: addi s0, zero, 67 | E29: addi | F29: I | G29: 12 | H29: 67 | I29: — | J29: 00000100001100000000010000010011 | K29: s0 ← zero + (+67); арифметика RV32I по модулю 2³². | L29: FETCH был | M29: 31–20 000001000011 imm[11:0] | N29: 19–15 00000 rs1 | O29: 14–12 000 funct3 | P29: 11–7 01000 rd | Q29: 6–0 0010011 opcode
A30: 22 | B30: 0x00000054 | C30: 0x188E0063 | D30: beq t3, s0, 0x000001d4 | E30: beq | F30: B | G30: 12 | H30: 384 | I30: 0x000001D4 | J30: 00011000100011100000000001100011 | K30: Если t3 = s0, PC ← 0x000001D4; иначе PC ← PC+4. Смещение +384 байт. | L30: FETCH был | M30: 31 0 imm[12] | N30: 30–25 001100 imm[10:5] | O30: 24–20 01000 rs2 | P30: 19–15 11100 rs1 | Q30: 14–12 000 funct3 | R30: 11–8 0000 imm[4:1] | S30: 7 0 imm[11] | T30: 6–0 1100011 opcode
A31: 23 | B31: 0x00000058 | C31: 0x03F00413 | D31: addi s0, zero, 63 | E31: addi | F31: I | G31: 12 | H31: 63 | I31: — | J31: 00000011111100000000010000010011 | K31: s0 ← zero + (+63); арифметика RV32I по модулю 2³². | L31: FETCH был | M31: 31–20 000000111111 imm[11:0] | N31: 19–15 00000 rs1 | O31: 14–12 000 funct3 | P31: 11–7 01000 rd | Q31: 6–0 0010011 opcode
A32: 24 | B32: 0x0000005C | C32: 0x0A8E0A63 | D32: beq t3, s0, 0x00000110 | E32: beq | F32: B | G32: 12 | H32: 180 | I32: 0x00000110 | J32: 00001010100011100000101001100011 | K32: Если t3 = s0, PC ← 0x00000110; иначе PC ← PC+4. Смещение +180 байт. | L32: FETCH был | M32: 31 0 imm[12] | N32: 30–25 000101 imm[10:5] | O32: 24–20 01000 rs2 | P32: 19–15 11100 rs1 | Q32: 14–12 000 funct3 | R32: 11–8 1010 imm[4:1] | S32: 7 0 imm[11] | T32: 6–0 1100011 opcode
A33: 25 | B33: 0x00000060 | C33: 0x03000413 | D33: addi s0, zero, 48 | E33: addi | F33: I | G33: 12 | H33: 48 | I33: — | J33: 00000011000000000000010000010011 | K33: s0 ← zero + (+48); арифметика RV32I по модулю 2³². | L33: FETCH был | M33: 31–20 000000110000 imm[11:0] | N33: 19–15 00000 rs1 | O33: 14–12 000 funct3 | P33: 11–7 01000 rd | Q33: 6–0 0010011 opcode
A34: 26 | B34: 0x00000064 | C34: 0x048E0463 | D34: beq t3, s0, 0x000000ac | E34: beq | F34: B | G34: 12 | H34: 72 | I34: 0x000000AC | J34: 00000100100011100000010001100011 | K34: Если t3 = s0, PC ← 0x000000AC; иначе PC ← PC+4. Смещение +72 байт. | L34: FETCH был | M34: 31 0 imm[12] | N34: 30–25 000010 imm[10:5] | O34: 24–20 01000 rs2 | P34: 19–15 11100 rs1 | Q34: 14–12 000 funct3 | R34: 11–8 0100 imm[4:1] | S34: 7 0 imm[11] | T34: 6–0 1100011 opcode
A35: 27 | B35: 0x00000068 | C35: 0x03100413 | D35: addi s0, zero, 49 | E35: addi | F35: I | G35: 12 | H35: 49 | I35: — | J35: 00000011000100000000010000010011 | K35: s0 ← zero + (+49); арифметика RV32I по модулю 2³². | L35: FETCH был | M35: 31–20 000000110001 imm[11:0] | N35: 19–15 00000 rs1 | O35: 14–12 000 funct3 | P35: 11–7 01000 rd | Q35: 6–0 0010011 opcode
A36: 28 | B36: 0x0000006C | C36: 0x048E0663 | D36: beq t3, s0, 0x000000b8 | E36: beq | F36: B | G36: 6 | H36: 76 | I36: 0x000000B8 | J36: 00000100100011100000011001100011 | K36: Если t3 = s0, PC ← 0x000000B8; иначе PC ← PC+4. Смещение +76 байт. | L36: FETCH был | M36: 31 0 imm[12] | N36: 30–25 000010 imm[10:5] | O36: 24–20 01000 rs2 | P36: 19–15 11100 rs1 | Q36: 14–12 000 funct3 | R36: 11–8 0110 imm[4:1] | S36: 7 0 imm[11] | T36: 6–0 1100011 opcode
A37: 29 | B37: 0x00000070 | C37: 0x03200413 | D37: addi s0, zero, 50 | E37: addi | F37: I | G37: 6 | H37: 50 | I37: — | J37: 00000011001000000000010000010011 | K37: s0 ← zero + (+50); арифметика RV32I по модулю 2³². | L37: FETCH был | M37: 31–20 000000110010 imm[11:0] | N37: 19–15 00000 rs1 | O37: 14–12 000 funct3 | P37: 11–7 01000 rd | Q37: 6–0 0010011 opcode
A38: 30 | B38: 0x00000074 | C38: 0x048E0863 | D38: beq t3, s0, 0x000000c4 | E38: beq | F38: B | G38: 6 | H38: 80 | I38: 0x000000C4 | J38: 00000100100011100000100001100011 | K38: Если t3 = s0, PC ← 0x000000C4; иначе PC ← PC+4. Смещение +80 байт. | L38: FETCH был | M38: 31 0 imm[12] | N38: 30–25 000010 imm[10:5] | O38: 24–20 01000 rs2 | P38: 19–15 11100 rs1 | Q38: 14–12 000 funct3 | R38: 11–8 1000 imm[4:1] | S38: 7 0 imm[11] | T38: 6–0 1100011 opcode
A39: 31 | B39: 0x00000078 | C39: 0x03300413 | D39: addi s0, zero, 51 | E39: addi | F39: I | G39: 6 | H39: 51 | I39: — | J39: 00000011001100000000010000010011 | K39: s0 ← zero + (+51); арифметика RV32I по модулю 2³². | L39: FETCH был | M39: 31–20 000000110011 imm[11:0] | N39: 19–15 00000 rs1 | O39: 14–12 000 funct3 | P39: 11–7 01000 rd | Q39: 6–0 0010011 opcode
A40: 32 | B40: 0x0000007C | C40: 0x048E0A63 | D40: beq t3, s0, 0x000000d0 | E40: beq | F40: B | G40: 6 | H40: 84 | I40: 0x000000D0 | J40: 00000100100011100000101001100011 | K40: Если t3 = s0, PC ← 0x000000D0; иначе PC ← PC+4. Смещение +84 байт. | L40: FETCH был | M40: 31 0 imm[12] | N40: 30–25 000010 imm[10:5] | O40: 24–20 01000 rs2 | P40: 19–15 11100 rs1 | Q40: 14–12 000 funct3 | R40: 11–8 1010 imm[4:1] | S40: 7 0 imm[11] | T40: 6–0 1100011 opcode
A41: 33 | B41: 0x00000080 | C41: 0x03400413 | D41: addi s0, zero, 52 | E41: addi | F41: I | G41: 6 | H41: 52 | I41: — | J41: 00000011010000000000010000010011 | K41: s0 ← zero + (+52); арифметика RV32I по модулю 2³². | L41: FETCH был | M41: 31–20 000000110100 imm[11:0] | N41: 19–15 00000 rs1 | O41: 14–12 000 funct3 | P41: 11–7 01000 rd | Q41: 6–0 0010011 opcode
A42: 34 | B42: 0x00000084 | C42: 0x048E0C63 | D42: beq t3, s0, 0x000000dc | E42: beq | F42: B | G42: 6 | H42: 88 | I42: 0x000000DC | J42: 00000100100011100000110001100011 | K42: Если t3 = s0, PC ← 0x000000DC; иначе PC ← PC+4. Смещение +88 байт. | L42: FETCH был | M42: 31 0 imm[12] | N42: 30–25 000010 imm[10:5] | O42: 24–20 01000 rs2 | P42: 19–15 11100 rs1 | Q42: 14–12 000 funct3 | R42: 11–8 1100 imm[4:1] | S42: 7 0 imm[11] | T42: 6–0 1100011 opcode
A43: 35 | B43: 0x00000088 | C43: 0x03500413 | D43: addi s0, zero, 53 | E43: addi | F43: I | G43: 6 | H43: 53 | I43: — | J43: 00000011010100000000010000010011 | K43: s0 ← zero + (+53); арифметика RV32I по модулю 2³². | L43: FETCH был | M43: 31–20 000000110101 imm[11:0] | N43: 19–15 00000 rs1 | O43: 14–12 000 funct3 | P43: 11–7 01000 rd | Q43: 6–0 0010011 opcode
A44: 36 | B44: 0x0000008C | C44: 0x048E0E63 | D44: beq t3, s0, 0x000000e8 | E44: beq | F44: B | G44: 0 | H44: 92 | I44: 0x000000E8 | J44: 00000100100011100000111001100011 | K44: Если t3 = s0, PC ← 0x000000E8; иначе PC ← PC+4. Смещение +92 байт. | L44: Только ROM | M44: 31 0 imm[12] | N44: 30–25 000010 imm[10:5] | O44: 24–20 01000 rs2 | P44: 19–15 11100 rs1 | Q44: 14–12 000 funct3 | R44: 11–8 1110 imm[4:1] | S44: 7 0 imm[11] | T44: 6–0 1100011 opcode
A45: 37 | B45: 0x00000090 | C45: 0x03600413 | D45: addi s0, zero, 54 | E45: addi | F45: I | G45: 0 | H45: 54 | I45: — | J45: 00000011011000000000010000010011 | K45: s0 ← zero + (+54); арифметика RV32I по модулю 2³². | L45: Только ROM | M45: 31–20 000000110110 imm[11:0] | N45: 19–15 00000 rs1 | O45: 14–12 000 funct3 | P45: 11–7 01000 rd | Q45: 6–0 0010011 opcode
A46: 38 | B46: 0x00000094 | C46: 0x068E0063 | D46: beq t3, s0, 0x000000f4 | E46: beq | F46: B | G46: 0 | H46: 96 | I46: 0x000000F4 | J46: 00000110100011100000000001100011 | K46: Если t3 = s0, PC ← 0x000000F4; иначе PC ← PC+4. Смещение +96 байт. | L46: Только ROM | M46: 31 0 imm[12] | N46: 30–25 000011 imm[10:5] | O46: 24–20 01000 rs2 | P46: 19–15 11100 rs1 | Q46: 14–12 000 funct3 | R46: 11–8 0000 imm[4:1] | S46: 7 0 imm[11] | T46: 6–0 1100011 opcode
A47: 39 | B47: 0x00000098 | C47: 0x00A00413 | D47: addi s0, zero, 10 | E47: addi | F47: I | G47: 0 | H47: 10 | I47: — | J47: 00000000101000000000010000010011 | K47: s0 ← zero + (+10); арифметика RV32I по модулю 2³². | L47: Только ROM | M47: 31–20 000000001010 imm[11:0] | N47: 19–15 00000 rs1 | O47: 14–12 000 funct3 | P47: 11–7 01000 rd | Q47: 6–0 0010011 opcode
A48: 40 | B48: 0x0000009C | C48: 0xF88E0EE3 | D48: beq t3, s0, 0x00000038 | E48: beq | F48: B | G48: 0 | H48: -100 | I48: 0x00000038 | J48: 11111000100011100000111011100011 | K48: Если t3 = s0, PC ← 0x00000038; иначе PC ← PC+4. Смещение -100 байт. | L48: Только ROM | M48: 31 1 imm[12] | N48: 30–25 111100 imm[10:5] | O48: 24–20 01000 rs2 | P48: 19–15 11100 rs1 | Q48: 14–12 000 funct3 | R48: 11–8 1110 imm[4:1] | S48: 7 1 imm[11] | T48: 6–0 1100011 opcode
A49: 41 | B49: 0x000000A0 | C49: 0x00D00413 | D49: addi s0, zero, 13 | E49: addi | F49: I | G49: 0 | H49: 13 | I49: — | J49: 00000000110100000000010000010011 | K49: s0 ← zero + (+13); арифметика RV32I по модулю 2³². | L49: Только ROM | M49: 31–20 000000001101 imm[11:0] | N49: 19–15 00000 rs1 | O49: 14–12 000 funct3 | P49: 11–7 01000 rd | Q49: 6–0 0010011 opcode
A50: 42 | B50: 0x000000A4 | C50: 0xF88E0AE3 | D50: beq t3, s0, 0x00000038 | E50: beq | F50: B | G50: 0 | H50: -108 | I50: 0x00000038 | J50: 11111000100011100000101011100011 | K50: Если t3 = s0, PC ← 0x00000038; иначе PC ← PC+4. Смещение -108 байт. | L50: Только ROM | M50: 31 1 imm[12] | N50: 30–25 111100 imm[10:5] | O50: 24–20 01000 rs2 | P50: 19–15 11100 rs1 | Q50: 14–12 000 funct3 | R50: 11–8 1010 imm[4:1] | S50: 7 1 imm[11] | T50: 6–0 1100011 opcode
A51: 43 | B51: 0x000000A8 | C51: 0x1040006F | D51: jal zero, 0x000001ac | E51: jal | F51: J | G51: 0 | H51: 260 | I51: 0x000001AC | J51: 00010000010000000000000001101111 | K51: PC ← 0x000001AC; rd (zero) ← PC+4. Смещение +260 байт относительно PC. | L51: Только ROM | M51: 31 0 imm[20] | N51: 30–21 0010000010 imm[10:1] | O51: 20 0 imm[11] | P51: 19–12 00000000 imm[19:12] | Q51: 11–7 00000 rd | R51: 6–0 1101111 opcode
A52: 44 | B52: 0x000000AC | C52: 0x00000E93 | D52: addi t4, zero, 0 | E52: addi | F52: I | G52: 6 | H52: 0 | I52: — | J52: 00000000000000000000111010010011 | K52: t4 ← zero + (+0); арифметика RV32I по модулю 2³². | L52: FETCH был | M52: 31–20 000000000000 imm[11:0] | N52: 19–15 00000 rs1 | O52: 14–12 000 funct3 | P52: 11–7 11101 rd | Q52: 6–0 0010011 opcode
A53: 45 | B53: 0x000000B0 | C53: 0x03000F13 | D53: addi t5, zero, 48 | E53: addi | F53: I | G53: 6 | H53: 48 | I53: — | J53: 00000011000000000000111100010011 | K53: t5 ← zero + (+48); арифметика RV32I по модулю 2³². | L53: FETCH был | M53: 31–20 000000110000 imm[11:0] | N53: 19–15 00000 rs1 | O53: 14–12 000 funct3 | P53: 11–7 11110 rd | Q53: 6–0 0010011 opcode
A54: 46 | B54: 0x000000B4 | C54: 0x04C0006F | D54: jal zero, 0x00000100 | E54: jal | F54: J | G54: 6 | H54: 76 | I54: 0x00000100 | J54: 00000100110000000000000001101111 | K54: PC ← 0x00000100; rd (zero) ← PC+4. Смещение +76 байт относительно PC. | L54: FETCH был | M54: 31 0 imm[20] | N54: 30–21 0000100110 imm[10:1] | O54: 20 0 imm[11] | P54: 19–12 00000000 imm[19:12] | Q54: 11–7 00000 rd | R54: 6–0 1101111 opcode
A55: 47 | B55: 0x000000B8 | C55: 0x00100E93 | D55: addi t4, zero, 1 | E55: addi | F55: I | G55: 0 | H55: 1 | I55: — | J55: 00000000000100000000111010010011 | K55: t4 ← zero + (+1); арифметика RV32I по модулю 2³². | L55: Только ROM | M55: 31–20 000000000001 imm[11:0] | N55: 19–15 00000 rs1 | O55: 14–12 000 funct3 | P55: 11–7 11101 rd | Q55: 6–0 0010011 opcode
A56: 48 | B56: 0x000000BC | C56: 0x03100F13 | D56: addi t5, zero, 49 | E56: addi | F56: I | G56: 0 | H56: 49 | I56: — | J56: 00000011000100000000111100010011 | K56: t5 ← zero + (+49); арифметика RV32I по модулю 2³². | L56: Только ROM | M56: 31–20 000000110001 imm[11:0] | N56: 19–15 00000 rs1 | O56: 14–12 000 funct3 | P56: 11–7 11110 rd | Q56: 6–0 0010011 opcode
A57: 49 | B57: 0x000000C0 | C57: 0x0400006F | D57: jal zero, 0x00000100 | E57: jal | F57: J | G57: 0 | H57: 64 | I57: 0x00000100 | J57: 00000100000000000000000001101111 | K57: PC ← 0x00000100; rd (zero) ← PC+4. Смещение +64 байт относительно PC. | L57: Только ROM | M57: 31 0 imm[20] | N57: 30–21 0000100000 imm[10:1] | O57: 20 0 imm[11] | P57: 19–12 00000000 imm[19:12] | Q57: 11–7 00000 rd | R57: 6–0 1101111 opcode
A58: 50 | B58: 0x000000C4 | C58: 0x00200E93 | D58: addi t4, zero, 2 | E58: addi | F58: I | G58: 0 | H58: 2 | I58: — | J58: 00000000001000000000111010010011 | K58: t4 ← zero + (+2); арифметика RV32I по модулю 2³². | L58: Только ROM | M58: 31–20 000000000010 imm[11:0] | N58: 19–15 00000 rs1 | O58: 14–12 000 funct3 | P58: 11–7 11101 rd | Q58: 6–0 0010011 opcode
A59: 51 | B59: 0x000000C8 | C59: 0x03200F13 | D59: addi t5, zero, 50 | E59: addi | F59: I | G59: 0 | H59: 50 | I59: — | J59: 00000011001000000000111100010011 | K59: t5 ← zero + (+50); арифметика RV32I по модулю 2³². | L59: Только ROM | M59: 31–20 000000110010 imm[11:0] | N59: 19–15 00000 rs1 | O59: 14–12 000 funct3 | P59: 11–7 11110 rd | Q59: 6–0 0010011 opcode
A60: 52 | B60: 0x000000CC | C60: 0x0340006F | D60: jal zero, 0x00000100 | E60: jal | F60: J | G60: 0 | H60: 52 | I60: 0x00000100 | J60: 00000011010000000000000001101111 | K60: PC ← 0x00000100; rd (zero) ← PC+4. Смещение +52 байт относительно PC. | L60: Только ROM | M60: 31 0 imm[20] | N60: 30–21 0000011010 imm[10:1] | O60: 20 0 imm[11] | P60: 19–12 00000000 imm[19:12] | Q60: 11–7 00000 rd | R60: 6–0 1101111 opcode
A61: 53 | B61: 0x000000D0 | C61: 0x00400E93 | D61: addi t4, zero, 4 | E61: addi | F61: I | G61: 0 | H61: 4 | I61: — | J61: 00000000010000000000111010010011 | K61: t4 ← zero + (+4); арифметика RV32I по модулю 2³². | L61: Только ROM | M61: 31–20 000000000100 imm[11:0] | N61: 19–15 00000 rs1 | O61: 14–12 000 funct3 | P61: 11–7 11101 rd | Q61: 6–0 0010011 opcode
A62: 54 | B62: 0x000000D4 | C62: 0x03300F13 | D62: addi t5, zero, 51 | E62: addi | F62: I | G62: 0 | H62: 51 | I62: — | J62: 00000011001100000000111100010011 | K62: t5 ← zero + (+51); арифметика RV32I по модулю 2³². | L62: Только ROM | M62: 31–20 000000110011 imm[11:0] | N62: 19–15 00000 rs1 | O62: 14–12 000 funct3 | P62: 11–7 11110 rd | Q62: 6–0 0010011 opcode
A63: 55 | B63: 0x000000D8 | C63: 0x0280006F | D63: jal zero, 0x00000100 | E63: jal | F63: J | G63: 0 | H63: 40 | I63: 0x00000100 | J63: 00000010100000000000000001101111 | K63: PC ← 0x00000100; rd (zero) ← PC+4. Смещение +40 байт относительно PC. | L63: Только ROM | M63: 31 0 imm[20] | N63: 30–21 0000010100 imm[10:1] | O63: 20 0 imm[11] | P63: 19–12 00000000 imm[19:12] | Q63: 11–7 00000 rd | R63: 6–0 1101111 opcode
A64: 56 | B64: 0x000000DC | C64: 0x00800E93 | D64: addi t4, zero, 8 | E64: addi | F64: I | G64: 6 | H64: 8 | I64: — | J64: 00000000100000000000111010010011 | K64: t4 ← zero + (+8); арифметика RV32I по модулю 2³². | L64: FETCH был | M64: 31–20 000000001000 imm[11:0] | N64: 19–15 00000 rs1 | O64: 14–12 000 funct3 | P64: 11–7 11101 rd | Q64: 6–0 0010011 opcode
A65: 57 | B65: 0x000000E0 | C65: 0x03400F13 | D65: addi t5, zero, 52 | E65: addi | F65: I | G65: 6 | H65: 52 | I65: — | J65: 00000011010000000000111100010011 | K65: t5 ← zero + (+52); арифметика RV32I по модулю 2³². | L65: FETCH был | M65: 31–20 000000110100 imm[11:0] | N65: 19–15 00000 rs1 | O65: 14–12 000 funct3 | P65: 11–7 11110 rd | Q65: 6–0 0010011 opcode
A66: 58 | B66: 0x000000E4 | C66: 0x01C0006F | D66: jal zero, 0x00000100 | E66: jal | F66: J | G66: 6 | H66: 28 | I66: 0x00000100 | J66: 00000001110000000000000001101111 | K66: PC ← 0x00000100; rd (zero) ← PC+4. Смещение +28 байт относительно PC. | L66: FETCH был | M66: 31 0 imm[20] | N66: 30–21 0000001110 imm[10:1] | O66: 20 0 imm[11] | P66: 19–12 00000000 imm[19:12] | Q66: 11–7 00000 rd | R66: 6–0 1101111 opcode
A67: 59 | B67: 0x000000E8 | C67: 0x01000E93 | D67: addi t4, zero, 16 | E67: addi | F67: I | G67: 0 | H67: 16 | I67: — | J67: 00000001000000000000111010010011 | K67: t4 ← zero + (+16); арифметика RV32I по модулю 2³². | L67: Только ROM | M67: 31–20 000000010000 imm[11:0] | N67: 19–15 00000 rs1 | O67: 14–12 000 funct3 | P67: 11–7 11101 rd | Q67: 6–0 0010011 opcode
A68: 60 | B68: 0x000000EC | C68: 0x03500F13 | D68: addi t5, zero, 53 | E68: addi | F68: I | G68: 0 | H68: 53 | I68: — | J68: 00000011010100000000111100010011 | K68: t5 ← zero + (+53); арифметика RV32I по модулю 2³². | L68: Только ROM | M68: 31–20 000000110101 imm[11:0] | N68: 19–15 00000 rs1 | O68: 14–12 000 funct3 | P68: 11–7 11110 rd | Q68: 6–0 0010011 opcode
A69: 61 | B69: 0x000000F0 | C69: 0x0100006F | D69: jal zero, 0x00000100 | E69: jal | F69: J | G69: 0 | H69: 16 | I69: 0x00000100 | J69: 00000001000000000000000001101111 | K69: PC ← 0x00000100; rd (zero) ← PC+4. Смещение +16 байт относительно PC. | L69: Только ROM | M69: 31 0 imm[20] | N69: 30–21 0000001000 imm[10:1] | O69: 20 0 imm[11] | P69: 19–12 00000000 imm[19:12] | Q69: 11–7 00000 rd | R69: 6–0 1101111 opcode
A70: 62 | B70: 0x000000F4 | C70: 0x02000E93 | D70: addi t4, zero, 32 | E70: addi | F70: I | G70: 0 | H70: 32 | I70: — | J70: 00000010000000000000111010010011 | K70: t4 ← zero + (+32); арифметика RV32I по модулю 2³². | L70: Только ROM | M70: 31–20 000000100000 imm[11:0] | N70: 19–15 00000 rs1 | O70: 14–12 000 funct3 | P70: 11–7 11101 rd | Q70: 6–0 0010011 opcode
A71: 63 | B71: 0x000000F8 | C71: 0x03600F13 | D71: addi t5, zero, 54 | E71: addi | F71: I | G71: 0 | H71: 54 | I71: — | J71: 00000011011000000000111100010011 | K71: t5 ← zero + (+54); арифметика RV32I по модулю 2³². | L71: Только ROM | M71: 31–20 000000110110 imm[11:0] | N71: 19–15 00000 rs1 | O71: 14–12 000 funct3 | P71: 11–7 11110 rd | Q71: 6–0 0010011 opcode
A72: 64 | B72: 0x000000FC | C72: 0x0040006F | D72: jal zero, 0x00000100 | E72: jal | F72: J | G72: 0 | H72: 4 | I72: 0x00000100 | J72: 00000000010000000000000001101111 | K72: PC ← 0x00000100; rd (zero) ← PC+4. Смещение +4 байт относительно PC. | L72: Только ROM | M72: 31 0 imm[20] | N72: 30–21 0000000010 imm[10:1] | O72: 20 0 imm[11] | P72: 19–12 00000000 imm[19:12] | Q72: 11–7 00000 rd | R72: 6–0 1101111 opcode
A73: 65 | B73: 0x00000100 | C73: 0x01D2A023 | D73: sw t4, 0(t0) | E73: sw | F73: S | G73: 12 | H73: 0 | I73: — | J73: 00000001110100101010000000100011 | K73: MEM32[t0 +0] ← t4. Число, находящееся в rs2, не кодируется в самой инструкции. | L73: FETCH был | M73: 31–25 0000000 imm[11:5] | N73: 24–20 11101 rs2 | O73: 19–15 00101 rs1 | P73: 14–12 010 funct3 | Q73: 11–7 00000 imm[4:0] | R73: 6–0 0100011 opcode
A74: 66 | B74: 0x00000104 | C74: 0x0002AF83 | D74: lw t6, 0(t0) | E74: lw | F74: I | G74: 12 | H74: 0 | I74: — | J74: 00000000000000101010111110000011 | K74: t6 ← MEM32[t0 +0]. FETCH этой инструкции не удостоверяет регистрацию DATA_READ. | L74: FETCH был | M74: 31–20 000000000000 imm[11:0] | N74: 19–15 00101 rs1 | O74: 14–12 010 funct3 | P74: 11–7 11111 rd | Q74: 6–0 0000011 opcode
A75: 67 | B75: 0x00000108 | C75: 0x0BDF9C63 | D75: bne t6, t4, 0x000001c0 | E75: bne | F75: B | G75: 0 | H75: 184 | I75: 0x000001C0 | J75: 00001011110111111001110001100011 | K75: Если t6 ≠ t4, PC ← 0x000001C0; иначе PC ← PC+4. Смещение +184 байт. | L75: Только ROM | M75: 31 0 imm[12] | N75: 30–25 000101 imm[10:5] | O75: 24–20 11101 rs2 | P75: 19–15 11111 rs1 | Q75: 14–12 001 funct3 | R75: 11–8 1100 imm[4:1] | S75: 7 0 imm[11] | T75: 6–0 1100011 opcode
A76: 68 | B76: 0x0000010C | C76: 0x07C0006F | D76: jal zero, 0x00000188 | E76: jal | F76: J | G76: 0 | H76: 124 | I76: 0x00000188 | J76: 00000111110000000000000001101111 | K76: PC ← 0x00000188; rd (zero) ← PC+4. Смещение +124 байт относительно PC. | L76: Только ROM | M76: 31 0 imm[20] | N76: 30–21 0000111110 imm[10:1] | O76: 20 0 imm[11] | P76: 19–12 00000000 imm[19:12] | Q76: 11–7 00000 rd | R76: 6–0 1101111 opcode
A77: 69 | B77: 0x00000110 | C77: 0x0002AF83 | D77: lw t6, 0(t0) | E77: lw | F77: I | G77: 0 | H77: 0 | I77: — | J77: 00000000000000101010111110000011 | K77: t6 ← MEM32[t0 +0]. FETCH этой инструкции не удостоверяет регистрацию DATA_READ. | L77: Только ROM | M77: 31–20 000000000000 imm[11:0] | N77: 19–15 00101 rs1 | O77: 14–12 010 funct3 | P77: 11–7 11111 rd | Q77: 6–0 0000011 opcode
A78: 70 | B78: 0x00000114 | C78: 0x00000413 | D78: addi s0, zero, 0 | E78: addi | F78: I | G78: 0 | H78: 0 | I78: — | J78: 00000000000000000000010000010011 | K78: s0 ← zero + (+0); арифметика RV32I по модулю 2³². | L78: Только ROM | M78: 31–20 000000000000 imm[11:0] | N78: 19–15 00000 rs1 | O78: 14–12 000 funct3 | P78: 11–7 01000 rd | Q78: 6–0 0010011 opcode
A79: 71 | B79: 0x00000118 | C79: 0x028F8C63 | D79: beq t6, s0, 0x00000150 | E79: beq | F79: B | G79: 0 | H79: 56 | I79: 0x00000150 | J79: 00000010100011111000110001100011 | K79: Если t6 = s0, PC ← 0x00000150; иначе PC ← PC+4. Смещение +56 байт. | L79: Только ROM | M79: 31 0 imm[12] | N79: 30–25 000001 imm[10:5] | O79: 24–20 01000 rs2 | P79: 19–15 11111 rs1 | Q79: 14–12 000 funct3 | R79: 11–8 1100 imm[4:1] | S79: 7 0 imm[11] | T79: 6–0 1100011 opcode
A80: 72 | B80: 0x0000011C | C80: 0x00100413 | D80: addi s0, zero, 1 | E80: addi | F80: I | G80: 0 | H80: 1 | I80: — | J80: 00000000000100000000010000010011 | K80: s0 ← zero + (+1); арифметика RV32I по модулю 2³². | L80: Только ROM | M80: 31–20 000000000001 imm[11:0] | N80: 19–15 00000 rs1 | O80: 14–12 000 funct3 | P80: 11–7 01000 rd | Q80: 6–0 0010011 opcode
A81: 73 | B81: 0x00000120 | C81: 0x028F8C63 | D81: beq t6, s0, 0x00000158 | E81: beq | F81: B | G81: 0 | H81: 56 | I81: 0x00000158 | J81: 00000010100011111000110001100011 | K81: Если t6 = s0, PC ← 0x00000158; иначе PC ← PC+4. Смещение +56 байт. | L81: Только ROM | M81: 31 0 imm[12] | N81: 30–25 000001 imm[10:5] | O81: 24–20 01000 rs2 | P81: 19–15 11111 rs1 | Q81: 14–12 000 funct3 | R81: 11–8 1100 imm[4:1] | S81: 7 0 imm[11] | T81: 6–0 1100011 opcode
A82: 74 | B82: 0x00000124 | C82: 0x00200413 | D82: addi s0, zero, 2 | E82: addi | F82: I | G82: 0 | H82: 2 | I82: — | J82: 00000000001000000000010000010011 | K82: s0 ← zero + (+2); арифметика RV32I по модулю 2³². | L82: Только ROM | M82: 31–20 000000000010 imm[11:0] | N82: 19–15 00000 rs1 | O82: 14–12 000 funct3 | P82: 11–7 01000 rd | Q82: 6–0 0010011 opcode
A83: 75 | B83: 0x00000128 | C83: 0x028F8C63 | D83: beq t6, s0, 0x00000160 | E83: beq | F83: B | G83: 0 | H83: 56 | I83: 0x00000160 | J83: 00000010100011111000110001100011 | K83: Если t6 = s0, PC ← 0x00000160; иначе PC ← PC+4. Смещение +56 байт. | L83: Только ROM | M83: 31 0 imm[12] | N83: 30–25 000001 imm[10:5] | O83: 24–20 01000 rs2 | P83: 19–15 11111 rs1 | Q83: 14–12 000 funct3 | R83: 11–8 1100 imm[4:1] | S83: 7 0 imm[11] | T83: 6–0 1100011 opcode
A84: 76 | B84: 0x0000012C | C84: 0x00400413 | D84: addi s0, zero, 4 | E84: addi | F84: I | G84: 0 | H84: 4 | I84: — | J84: 00000000010000000000010000010011 | K84: s0 ← zero + (+4); арифметика RV32I по модулю 2³². | L84: Только ROM | M84: 31–20 000000000100 imm[11:0] | N84: 19–15 00000 rs1 | O84: 14–12 000 funct3 | P84: 11–7 01000 rd | Q84: 6–0 0010011 opcode
A85: 77 | B85: 0x00000130 | C85: 0x028F8C63 | D85: beq t6, s0, 0x00000168 | E85: beq | F85: B | G85: 0 | H85: 56 | I85: 0x00000168 | J85: 00000010100011111000110001100011 | K85: Если t6 = s0, PC ← 0x00000168; иначе PC ← PC+4. Смещение +56 байт. | L85: Только ROM | M85: 31 0 imm[12] | N85: 30–25 000001 imm[10:5] | O85: 24–20 01000 rs2 | P85: 19–15 11111 rs1 | Q85: 14–12 000 funct3 | R85: 11–8 1100 imm[4:1] | S85: 7 0 imm[11] | T85: 6–0 1100011 opcode
A86: 78 | B86: 0x00000134 | C86: 0x00800413 | D86: addi s0, zero, 8 | E86: addi | F86: I | G86: 0 | H86: 8 | I86: — | J86: 00000000100000000000010000010011 | K86: s0 ← zero + (+8); арифметика RV32I по модулю 2³². | L86: Только ROM | M86: 31–20 000000001000 imm[11:0] | N86: 19–15 00000 rs1 | O86: 14–12 000 funct3 | P86: 11–7 01000 rd | Q86: 6–0 0010011 opcode
A87: 79 | B87: 0x00000138 | C87: 0x028F8C63 | D87: beq t6, s0, 0x00000170 | E87: beq | F87: B | G87: 0 | H87: 56 | I87: 0x00000170 | J87: 00000010100011111000110001100011 | K87: Если t6 = s0, PC ← 0x00000170; иначе PC ← PC+4. Смещение +56 байт. | L87: Только ROM | M87: 31 0 imm[12] | N87: 30–25 000001 imm[10:5] | O87: 24–20 01000 rs2 | P87: 19–15 11111 rs1 | Q87: 14–12 000 funct3 | R87: 11–8 1100 imm[4:1] | S87: 7 0 imm[11] | T87: 6–0 1100011 opcode
A88: 80 | B88: 0x0000013C | C88: 0x01000413 | D88: addi s0, zero, 16 | E88: addi | F88: I | G88: 0 | H88: 16 | I88: — | J88: 00000001000000000000010000010011 | K88: s0 ← zero + (+16); арифметика RV32I по модулю 2³². | L88: Только ROM | M88: 31–20 000000010000 imm[11:0] | N88: 19–15 00000 rs1 | O88: 14–12 000 funct3 | P88: 11–7 01000 rd | Q88: 6–0 0010011 opcode
A89: 81 | B89: 0x00000140 | C89: 0x028F8C63 | D89: beq t6, s0, 0x00000178 | E89: beq | F89: B | G89: 0 | H89: 56 | I89: 0x00000178 | J89: 00000010100011111000110001100011 | K89: Если t6 = s0, PC ← 0x00000178; иначе PC ← PC+4. Смещение +56 байт. | L89: Только ROM | M89: 31 0 imm[12] | N89: 30–25 000001 imm[10:5] | O89: 24–20 01000 rs2 | P89: 19–15 11111 rs1 | Q89: 14–12 000 funct3 | R89: 11–8 1100 imm[4:1] | S89: 7 0 imm[11] | T89: 6–0 1100011 opcode
A90: 82 | B90: 0x00000144 | C90: 0x02000413 | D90: addi s0, zero, 32 | E90: addi | F90: I | G90: 0 | H90: 32 | I90: — | J90: 00000010000000000000010000010011 | K90: s0 ← zero + (+32); арифметика RV32I по модулю 2³². | L90: Только ROM | M90: 31–20 000000100000 imm[11:0] | N90: 19–15 00000 rs1 | O90: 14–12 000 funct3 | P90: 11–7 01000 rd | Q90: 6–0 0010011 opcode
A91: 83 | B91: 0x00000148 | C91: 0x028F8C63 | D91: beq t6, s0, 0x00000180 | E91: beq | F91: B | G91: 0 | H91: 56 | I91: 0x00000180 | J91: 00000010100011111000110001100011 | K91: Если t6 = s0, PC ← 0x00000180; иначе PC ← PC+4. Смещение +56 байт. | L91: Только ROM | M91: 31 0 imm[12] | N91: 30–25 000001 imm[10:5] | O91: 24–20 01000 rs2 | P91: 19–15 11111 rs1 | Q91: 14–12 000 funct3 | R91: 11–8 1100 imm[4:1] | S91: 7 0 imm[11] | T91: 6–0 1100011 opcode
A92: 84 | B92: 0x0000014C | C92: 0x0740006F | D92: jal zero, 0x000001c0 | E92: jal | F92: J | G92: 0 | H92: 116 | I92: 0x000001C0 | J92: 00000111010000000000000001101111 | K92: PC ← 0x000001C0; rd (zero) ← PC+4. Смещение +116 байт относительно PC. | L92: Только ROM | M92: 31 0 imm[20] | N92: 30–21 0000111010 imm[10:1] | O92: 20 0 imm[11] | P92: 19–12 00000000 imm[19:12] | Q92: 11–7 00000 rd | R92: 6–0 1101111 opcode
A93: 85 | B93: 0x00000150 | C93: 0x03000F13 | D93: addi t5, zero, 48 | E93: addi | F93: I | G93: 0 | H93: 48 | I93: — | J93: 00000011000000000000111100010011 | K93: t5 ← zero + (+48); арифметика RV32I по модулю 2³². | L93: Только ROM | M93: 31–20 000000110000 imm[11:0] | N93: 19–15 00000 rs1 | O93: 14–12 000 funct3 | P93: 11–7 11110 rd | Q93: 6–0 0010011 opcode
A94: 86 | B94: 0x00000154 | C94: 0x0340006F | D94: jal zero, 0x00000188 | E94: jal | F94: J | G94: 0 | H94: 52 | I94: 0x00000188 | J94: 00000011010000000000000001101111 | K94: PC ← 0x00000188; rd (zero) ← PC+4. Смещение +52 байт относительно PC. | L94: Только ROM | M94: 31 0 imm[20] | N94: 30–21 0000011010 imm[10:1] | O94: 20 0 imm[11] | P94: 19–12 00000000 imm[19:12] | Q94: 11–7 00000 rd | R94: 6–0 1101111 opcode
A95: 87 | B95: 0x00000158 | C95: 0x03100F13 | D95: addi t5, zero, 49 | E95: addi | F95: I | G95: 0 | H95: 49 | I95: — | J95: 00000011000100000000111100010011 | K95: t5 ← zero + (+49); арифметика RV32I по модулю 2³². | L95: Только ROM | M95: 31–20 000000110001 imm[11:0] | N95: 19–15 00000 rs1 | O95: 14–12 000 funct3 | P95: 11–7 11110 rd | Q95: 6–0 0010011 opcode
A96: 88 | B96: 0x0000015C | C96: 0x02C0006F | D96: jal zero, 0x00000188 | E96: jal | F96: J | G96: 0 | H96: 44 | I96: 0x00000188 | J96: 00000010110000000000000001101111 | K96: PC ← 0x00000188; rd (zero) ← PC+4. Смещение +44 байт относительно PC. | L96: Только ROM | M96: 31 0 imm[20] | N96: 30–21 0000010110 imm[10:1] | O96: 20 0 imm[11] | P96: 19–12 00000000 imm[19:12] | Q96: 11–7 00000 rd | R96: 6–0 1101111 opcode
A97: 89 | B97: 0x00000160 | C97: 0x03200F13 | D97: addi t5, zero, 50 | E97: addi | F97: I | G97: 0 | H97: 50 | I97: — | J97: 00000011001000000000111100010011 | K97: t5 ← zero + (+50); арифметика RV32I по модулю 2³². | L97: Только ROM | M97: 31–20 000000110010 imm[11:0] | N97: 19–15 00000 rs1 | O97: 14–12 000 funct3 | P97: 11–7 11110 rd | Q97: 6–0 0010011 opcode
A98: 90 | B98: 0x00000164 | C98: 0x0240006F | D98: jal zero, 0x00000188 | E98: jal | F98: J | G98: 0 | H98: 36 | I98: 0x00000188 | J98: 00000010010000000000000001101111 | K98: PC ← 0x00000188; rd (zero) ← PC+4. Смещение +36 байт относительно PC. | L98: Только ROM | M98: 31 0 imm[20] | N98: 30–21 0000010010 imm[10:1] | O98: 20 0 imm[11] | P98: 19–12 00000000 imm[19:12] | Q98: 11–7 00000 rd | R98: 6–0 1101111 opcode
A99: 91 | B99: 0x00000168 | C99: 0x03300F13 | D99: addi t5, zero, 51 | E99: addi | F99: I | G99: 0 | H99: 51 | I99: — | J99: 00000011001100000000111100010011 | K99: t5 ← zero + (+51); арифметика RV32I по модулю 2³². | L99: Только ROM | M99: 31–20 000000110011 imm[11:0] | N99: 19–15 00000 rs1 | O99: 14–12 000 funct3 | P99: 11–7 11110 rd | Q99: 6–0 0010011 opcode
A100: 92 | B100: 0x0000016C | C100: 0x01C0006F | D100: jal zero, 0x00000188 | E100: jal | F100: J | G100: 0 | H100: 28 | I100: 0x00000188 | J100: 00000001110000000000000001101111 | K100: PC ← 0x00000188; rd (zero) ← PC+4. Смещение +28 байт относительно PC. | L100: Только ROM | M100: 31 0 imm[20] | N100: 30–21 0000001110 imm[10:1] | O100: 20 0 imm[11] | P100: 19–12 00000000 imm[19:12] | Q100: 11–7 00000 rd | R100: 6–0 1101111 opcode
A101: 93 | B101: 0x00000170 | C101: 0x03400F13 | D101: addi t5, zero, 52 | E101: addi | F101: I | G101: 0 | H101: 52 | I101: — | J101: 00000011010000000000111100010011 | K101: t5 ← zero + (+52); арифметика RV32I по модулю 2³². | L101: Только ROM | M101: 31–20 000000110100 imm[11:0] | N101: 19–15 00000 rs1 | O101: 14–12 000 funct3 | P101: 11–7 11110 rd | Q101: 6–0 0010011 opcode
A102: 94 | B102: 0x00000174 | C102: 0x0140006F | D102: jal zero, 0x00000188 | E102: jal | F102: J | G102: 0 | H102: 20 | I102: 0x00000188 | J102: 00000001010000000000000001101111 | K102: PC ← 0x00000188; rd (zero) ← PC+4. Смещение +20 байт относительно PC. | L102: Только ROM | M102: 31 0 imm[20] | N102: 30–21 0000001010 imm[10:1] | O102: 20 0 imm[11] | P102: 19–12 00000000 imm[19:12] | Q102: 11–7 00000 rd | R102: 6–0 1101111 opcode
A103: 95 | B103: 0x00000178 | C103: 0x03500F13 | D103: addi t5, zero, 53 | E103: addi | F103: I | G103: 0 | H103: 53 | I103: — | J103: 00000011010100000000111100010011 | K103: t5 ← zero + (+53); арифметика RV32I по модулю 2³². | L103: Только ROM | M103: 31–20 000000110101 imm[11:0] | N103: 19–15 00000 rs1 | O103: 14–12 000 funct3 | P103: 11–7 11110 rd | Q103: 6–0 0010011 opcode
...

Sheet РАЗБОР RV32I
A1: LAB-03 / ДЕКОДЕР RISC-V · 32 БИТА
A3: Переключатель «ТРАССА» привязан к ПУЛЬТУ. «РОМ» даёт доступ ко всем 202 рабочим словам. Поля и биты не придуманы — извлечены из конкретных машинных кодов.
A4: СТАРТ | B4: НАБЛЮДЕНИЕ | C4: СРАВНЕНИЕ | D4: LED / MMIO | E4: КОМАНДЫ | F4: 12 ТРАСС | G4: RAW T3 | H4: ROM | I4: ТЕРМИНЫ | J4: ПРОИСХОЖДЕНИЕ | K4: БИТЫ 202 | L4: 10 КАРТОЧЕК
B5: НАСТРОЙКА · выберите источник команды и номер слова программы
B6: № слова ROM (1…202) | D6: 65 | F6: Источник | H6: ТРАССА
B7: Выбранный PC | D7: =IF($H$6="ТРАССА",IF('ПУЛЬТ'!$D$12="FETCH",'ПУЛЬТ'!$D$13,""),IFERROR(INDEX('КАТАЛОГ БИТОВ'!$B$9:$B$210,$D$6),"")) -> 0x00000100 | F7: № по ROM | H7: =IF($D$7="","",IFERROR(MATCH($D$7,'КАТАЛОГ БИТОВ'!$B$9:$B$210,0),"")) -> 65
B9: Машинное слово | D9: =IF($H$7="","",IFERROR(INDEX('КАТАЛОГ БИТОВ'!$C$9:$C$210,$H$7),"")) -> 0x01D2A023 | F9: Команда / формат | H9: =IF($H$7="","",IFERROR(INDEX('КАТАЛОГ БИТОВ'!$E$9:$E$210,$H$7),"")) -> sw | I9: =IF($H$7="","",IFERROR(INDEX('КАТАЛОГ БИТОВ'!$F$9:$F$210,$H$7),"")) -> S
B10: Инструкция ASM | D10: =IF($H$7="","",IFERROR(INDEX('КАТАЛОГ БИТОВ'!$D$9:$D$210,$H$7),"")) -> sw t4, 0(t0)
B11: Статус по трассам | D11: =IF($H$7="","",IFERROR(INDEX('КАТАЛОГ БИТОВ'!$L$9:$L$210,$H$7),"")) -> FETCH был | F11: FETCH в 12 RAW | H11: =IF($H$7="","",IFERROR(INDEX('КАТАЛОГ БИТОВ'!$G$9:$G$210,$H$7),"")) -> 12
B13: ПОБИТОВЫЙ РАЗБОР · точное расположение полей в машинном слове [31:0]
B15: =IF($H$7="","",IFERROR(INDEX('КАТАЛОГ БИТОВ'!$M$9:$M$210,$H$7),"")) -> 31–25 0000000 imm[11:5] | C15: =IF($H$7="","",IFERROR(INDEX('КАТАЛОГ БИТОВ'!$N$9:$N$210,$H$7),"")) -> 24–20 11101 rs2 | D15: =IF($H$7="","",IFERROR(INDEX('КАТАЛОГ БИТОВ'!$O$9:$O$210,$H$7),"")) -> 19–15 00101 rs1 | E15: =IF($H$7="","",IFERROR(INDEX('КАТАЛОГ БИТОВ'!$P$9:$P$210,$H$7),"")) -> 14–12 010 funct3 | F15: =IF($H$7="","",IFERROR(INDEX('КАТАЛОГ БИТОВ'!$Q$9:$Q$210,$H$7),"")) -> 11–7 00000 imm[4:0] | G15: =IF($H$7="","",IFERROR(INDEX('КАТАЛОГ БИТОВ'!$R$9:$R$210,$H$7),"")) -> 6–0 0100011 opcode | H15: =IF($H$7="","",IFERROR(INDEX('КАТАЛОГ БИТОВ'!$S$9:$S$210,$H$7),"")) | I15: =IF($H$7="","",IFERROR(INDEX('КАТАЛОГ БИТОВ'!$T$9:$T$210,$H$7),""))
B17: ПОЛЯ: что означает каждое значение в данной инструкции
B19: 01 | C19: =IF($H$7="","",IFERROR(INDEX('КАТАЛОГ БИТОВ'!$M$9:$M$210,$H$7),"")) -> 31–25 0000000 imm[11:5] | E19: =IF($H$7="","",IFERROR(INDEX('КАТАЛОГ ОПИСАНИЙ'!$B$9:$B$210,$H$7),"")) -> Старшие биты смещения со знаком
B20: 02 | C20: =IF($H$7="","",IFERROR(INDEX('КАТАЛОГ БИТОВ'!$N$9:$N$210,$H$7),"")) -> 24–20 11101 rs2 | E20: =IF($H$7="","",IFERROR(INDEX('КАТАЛОГ ОПИСАНИЙ'!$C$9:$C$210,$H$7),"")) -> Источник записываемых данных: x29 = t4
B21: 03 | C21: =IF($H$7="","",IFERROR(INDEX('КАТАЛОГ БИТОВ'!$O$9:$O$210,$H$7),"")) -> 19–15 00101 rs1 | E21: =IF($H$7="","",IFERROR(INDEX('КАТАЛОГ ОПИСАНИЙ'!$D$9:$D$210,$H$7),"")) -> Базовый адрес: x5 = t0
B22: 04 | C22: =IF($H$7="","",IFERROR(INDEX('КАТАЛОГ БИТОВ'!$P$9:$P$210,$H$7),"")) -> 14–12 010 funct3 | E22: =IF($H$7="","",IFERROR(INDEX('КАТАЛОГ ОПИСАНИЙ'!$E$9:$E$210,$H$7),"")) -> 010 = SW: запись 32-битного слова
B23: 05 | C23: =IF($H$7="","",IFERROR(INDEX('КАТАЛОГ БИТОВ'!$Q$9:$Q$210,$H$7),"")) -> 11–7 00000 imm[4:0] | E23: =IF($H$7="","",IFERROR(INDEX('КАТАЛОГ ОПИСАНИЙ'!$F$9:$F$210,$H$7),"")) -> Младшие биты смещения
B24: 06 | C24: =IF($H$7="","",IFERROR(INDEX('КАТАЛОГ БИТОВ'!$R$9:$R$210,$H$7),"")) -> 6–0 0100011 opcode | E24: =IF($H$7="","",IFERROR(INDEX('КАТАЛОГ ОПИСАНИЙ'!$G$9:$G$210,$H$7),"")) -> 0100011: STORE
B25: 07 | C25: =IF($H$7="","",IFERROR(INDEX('КАТАЛОГ БИТОВ'!$S$9:$S$210,$H$7),"")) | E25: =IF($H$7="","",IFERROR(INDEX('КАТАЛОГ ОПИСАНИЙ'!$H$9:$H$210,$H$7),""))
B26: 08 | C26: =IF($H$7="","",IFERROR(INDEX('КАТАЛОГ БИТОВ'!$T$9:$T$210,$H$7),"")) | E26: =IF($H$7="","",IFERROR(INDEX('КАТАЛОГ ОПИСАНИЙ'!$I$9:$I$210,$H$7),""))
B28: ОБЪЯСНЕНИЕ ИНСТРУКЦИИ В НАШЕЙ ПРОГРАММЕ
B29: =IF($H$7="","",IFERROR(INDEX('КАТАЛОГ БИТОВ'!$K$9:$K$210,$H$7),"")) -> MEM32[t0 +0] ← t4. Число, находящееся в rs2, не кодируется в самой инструкции.
B32: ИНЖЕНЕРНАЯ ГРАНИЦА
B33: FETCH означает принятый запрос слова из ROM — НЕ доказательство instruction retirement. Значения регистров при FETCH не измеряются. Если выбран LED_WRITE, это событие MMIO, а не инструкция: вернитесь на FETCH.

Sheet 10 КАРТОЧЕК
A1: LAB-03 / 10 МНЕМОНИК НА РЕАЛЬНЫХ МАШИННЫХ СЛОВАХ
A3: Один подлинный пример каждой встречающейся в LAB-03 мнемоники. 6 встречались среди 269 FETCH, 4 имеются только в активной ROM. R-type в этой программе нет.
A4: СТАРТ | B4: НАБЛЮДЕНИЕ | C4: СРАВНЕНИЕ | D4: LED / MMIO | E4: КОМАНДЫ | F4: 12 ТРАСС | G4: RAW T3 | H4: ROM | I4: ТЕРМИНЫ | J4: ПРОИСХОЖДЕНИЕ | K4: БИТЫ 202 | L4: 10 КАРТОЧЕК
B7: 01 SW • Store Word | PC=0x00000100 | НАБЛЮДАЛОСЬ НА FPGA
B8: 0x01D2A023 sw t4, 0(t0) · S-type / S
B9: Записать 32-битное значение rs2 по адресу rs1+imm.
B10: 31–25 | C10: 24–20 | D10: 19–15 | E10: 14–12 | F10: 11–7 | G10: 6–0
B11: 0000000 | C11: 11101 | D11: 00101 | E11: 010 | F11: 00000 | G11: 0100011
B12: imm[11:5] | C12: rs2 | D12: rs1 | E12: funct3 | F12: imm[4:0] | G12: opcode
B13: S-format / смещение: 0 | MEM32[t0 +0] ← t4. Число, находящееся в rs2, не кодируется в самой инструкции.
B14: Роль в LAB-03: PC=0x100 пишет выбранную LED-маску в MMIO 0x20000000. | FETCH этого PC в архиве: 12
B18: 02 LW • Load Word | PC=0x00000104 | НАБЛЮДАЛОСЬ НА FPGA
B19: 0x0002AF83 lw t6, 0(t0) · I-type / I
B20: Загрузить 32-битное слово из памяти/MMIO по rs1+imm в rd.
B21: 31–20 | C21: 19–15 | D21: 14–12 | E21: 11–7 | F21: 6–0
B22: 000000000000 | C22: 00101 | D22: 010 | E22: 11111 | F22: 0000011
B23: imm[11:0] | C23: rs1 | D23: funct3 | E23: rd | F23: opcode
B24: I-format / смещение: 0 | t6 ← MEM32[t0 +0]. FETCH этой инструкции не удостоверяет регистрацию DATA_READ.
B25: Роль в LAB-03: Читает регистры UART и LED; FETCH lw не является наблюдением DATA_READ. | FETCH этого PC в архиве: 12
B29: 03 ADDI • Add Immediate | PC=0x00000048 | НАБЛЮДАЛОСЬ НА FPGA
B30: 0x05400413 addi s0, zero, 84 · I-type / I
B31: Сложить значение rs1 со знаковой 12-битной константой и записать в rd.
B32: 31–20 | C32: 19–15 | D32: 14–12 | E32: 11–7 | F32: 6–0
B33: 000001010100 | C33: 00000 | D33: 000 | E33: 01000 | F33: 0010011
B34: imm[11:0] | C34: rs1 | D34: funct3 | E34: rd | F34: opcode
B35: I-format / смещение: 84 | s0 ← zero + (+84); арифметика RV32I по модулю 2³².
B36: Роль в LAB-03: Подготавливает UART-символы, маски GPIO и промежуточные значения. | FETCH этого PC в архиве: 12
B40: 04 ANDI • AND Immediate | PC=0x0000003C | НАБЛЮДАЛОСЬ НА FPGA
B41: 0x0013F393 andi t2, t2, 1 · I-type / I
B42: Побитовое И значения rs1 со знаковой 12-битной константой.
B43: 31–20 | C43: 19–15 | D43: 14–12 | E43: 11–7 | F43: 6–0
B44: 000000000001 | C44: 00111 | D44: 111 | E44: 00111 | F44: 0010011
B45: imm[11:0] | C45: rs1 | D45: funct3 | E45: rd | F45: opcode
B46: I-format / смещение: 1 | t2 ← t2 AND (+1); побитовое И с sign_extend(imm).
B47: Роль в LAB-03: Отделяет бит готовности при опросе UART. | FETCH этого PC в архиве: 11
B51: 05 BEQ • Branch if Equal | PC=0x00000040 | НАБЛЮДАЛОСЬ НА FPGA
B52: 0xFE038CE3 beq t2, zero, 0x00000038 · B-type / B
B53: Если значения двух регистров равны, изменить PC на заданное смещение.
B54: 31 | C54: 30–25 | D54: 24–20 | E54: 19–15 | F54: 14–12 | G54: 11–8 | H54: 7 | I54: 6–0
B55: 1 | C55: 111111 | D55: 00000 | E55: 00111 | F55: 000 | G55: 1100 | H55: 1 | I55: 1100011
B56: imm[12] | C56: imm[10:5] | D56: rs2 | E56: rs1 | F56: funct3 | G56: imm[4:1] | H56: imm[11] | I56: opcode
B57: B-format / смещение: -8 | Если t2 = zero, PC ← 0x00000038; иначе PC ← PC+4. Смещение -8 байт.
B58: Роль в LAB-03: Проверяет команду или организует цикл ожидания UART. | FETCH этого PC в архиве: 15
B62: 06 JAL • Jump And Link | PC=0x000000B4 | НАБЛЮДАЛОСЬ НА FPGA
B63: 0x04C0006F jal zero, 0x00000100 · J-type / J
B64: Записать PC+4 в rd и перейти по PC-относительному смещению.
B65: 31 | C65: 30–21 | D65: 20 | E65: 19–12 | F65: 11–7 | G65: 6–0
B66: 0 | C66: 0000100110 | D66: 0 | E66: 00000000 | F66: 00000 | G66: 1101111
B67: imm[20] | C67: imm[10:1] | D67: imm[11] | E67: imm[19:12] | F67: rd | G67: opcode
B68: J-format / смещение: 76 | PC ← 0x00000100; rd (zero) ← PC+4. Смещение +76 байт относительно PC.
B69: Роль в LAB-03: Вызывает подпрограммы; jal zero,... делает переход без сохранения адреса возврата. | FETCH этого PC в архиве: 6
B73: 07 LUI • Load Upper Immediate | PC=0x00000000 | ПРИСУТСТВУЕТ В ROM (в серии T3 не наблюдалось)
B74: 0x200002B7 lui t0, 0x20000000 · U-type / U
B75: Поместить 20-битный immediate в старшие биты rd; нижние 12 бит обнулить.
B76: 31–12 | C76: 11–7 | D76: 6–0
B77: 00100000000000000000 | C77: 00101 | D77: 0110111
B78: imm[31:12] | C78: rd | D78: opcode
B79: U-format / смещение: 131072 | rd (t0) ← 0x20000000. Здесь формируется старшая часть адреса периферии.
B80: Роль в LAB-03: Формирует в t0 базовый адрес MMIO 0x20000000. | FETCH этого PC в архиве: 0
B84: 08 BNE • Branch if Not Equal | PC=0x00000108 | ПРИСУТСТВУЕТ В ROM (в серии T3 не наблюдалось)
B85: 0x0BDF9C63 bne t6, t4, 0x000001c0 · B-type / B
B86: Если значения двух регистров различны, изменить PC на заданное смещение.
B87: 31 | C87: 30–25 | D87: 24–20 | E87: 19–15 | F87: 14–12 | G87: 11–8 | H87: 7 | I87: 6–0
B88: 0 | C88: 000101 | D88: 11101 | E88: 11111 | F88: 001 | G88: 1100 | H88: 0 | I88: 1100011
B89: imm[12] | C89: imm[10:5] | D89: rs2 | E89: rs1 | F89: funct3 | G89: imm[4:1] | H89: imm[11] | I89: opcode
B90: B-format / смещение: 184 | Если t6 ≠ t4, PC ← 0x000001C0; иначе PC ← PC+4. Смещение +184 байт.
B91: Роль в LAB-03: Проверяет результат обратного чтения LED-регистра. | FETCH этого PC в архиве: 0
B95: 09 SRLI • Shift Right Logical Immediate | PC=0x000002A4 | ПРИСУТСТВУЕТ В ROM (в серии T3 не наблюдалось)
B96: 0x01C55313 srli t1, a0, 28 · I-shift-type / I-shift
B97: Логически сдвинуть 32-битное значение rs1 вправо на shamt.
B98: 31–25 | C98: 24–20 | D98: 19–15 | E98: 14–12 | F98: 11–7 | G98: 6–0
B99: 0000000 | C99: 11100 | D99: 01010 | E99: 101 | F99: 00110 | G99: 0010011
B100: funct7 | C100: shamt[4:0] | D100: rs1 | E100: funct3 | F100: rd | G100: opcode
B101: I-shift-format / смещение: 28 | t1 ← unsigned(a0) >> 28 (заполнение старших разрядов нулями).
B102: Роль в LAB-03: Выделяет шестнадцатеричные цифры для печати T3. | FETCH этого PC в архиве: 0
B106: 10 JALR • Jump And Link Register | PC=0x000002E4 | ПРИСУТСТВУЕТ В ROM (в серии T3 не наблюдалось)
B107: 0x000B8067 jalr zero, 0(s7) · I-type / I
B108: Записать PC+4 в rd; перейти на (rs1+imm) с обнулённым младшим битом.
B109: 31–20 | C109: 19–15 | D109: 14–12 | E109: 11–7 | F109: 6–0
B110: 000000000000 | C110: 10111 | D110: 000 | E110: 00000 | F110: 1100111
B111: imm[11:0] | C111: rs1 | D111: funct3 | E111: rd | F111: opcode
B112: I-format / смещение: 0 | PC ← (s7 +0) & ~1; zero ← PC+4. При rd=zero значение возврата отбрасывается.
B113: Роль в LAB-03: Используется для возврата из функций печати UART. | FETCH этого PC в архиве: 0

Sheet ПУЛЬТ
A1: ПУЛЬТ / АППАРАТНАЯ ТРАССА
A3: Выбирайте № захвата и № события в жёлтых ячейках • Excel отображает сохранённые измерения, не опрашивает USB
A4: СТАРТ | B4: НАБЛЮДЕНИЕ | C4: СРАВНЕНИЕ | D4: LED / MMIO | E4: КОМАНДЫ | F4: 12 ТРАСС | G4: RAW T3 | H4: ROM | I4: ТЕРМИНЫ | J4: ПРОИСХОЖДЕНИЕ | K4: БИТЫ 202 | L4: 10 КАРТОЧЕК
B6: Захват № | D6: 5 | G6: Событие № | I6: 27
B7: Команда UART | D7: =IFERROR(INDEX('ЗАХВАТЫ'!$B$6:$B$17,MATCH(D6,'ЗАХВАТЫ'!$A$6:$A$17,0)),"") -> 4 | G7: Событий в захвате | I7: =IFERROR(INDEX('ЗАХВАТЫ'!$E$6:$E$17,MATCH(D6,'ЗАХВАТЫ'!$A$6:$A$17,0)),0) -> 29
B8: Всего FETCH | D8: =IFERROR(INDEX('ЗАХВАТЫ'!$D$6:$D$17,MATCH(D6,'ЗАХВАТЫ'!$A$6:$A$17,0)),0) -> 28 | G8: CORE FETCH | I8: =IFERROR(INDEX('ЗАХВАТЫ'!$H$6:$H$17,MATCH(D6,'ЗАХВАТЫ'!$A$6:$A$17,0)),0) -> 22
B9: Polling-префикс | D9: =IFERROR(INDEX('ЗАХВАТЫ'!$G$6:$G$17,MATCH(D6,'ЗАХВАТЫ'!$A$6:$A$17,0)),0) -> 6 | G9: Якорь сравнения | I9: PC=0x00000048
A11: ИНСПЕКТОР ВЫБРАННОГО СОБЫТИЯ
B12: Тип | D12: =IFERROR(INDEX('ДАННЫЕ T3'!$E$6:$E$286,MATCH($D$6*1000+$I$6,'ДАННЫЕ T3'!$K$6:$K$286,0)),"") -> FETCH | G12: Цикл T3 | I12: =IFERROR(INDEX('ДАННЫЕ T3'!$D$6:$D$286,MATCH($D$6*1000+$I$6,'ДАННЫЕ T3'!$K$6:$K$286,0)),"") -> 108
B13: PC / адрес | D13: =IFERROR(INDEX('ДАННЫЕ T3'!$F$6:$F$286,MATCH($D$6*1000+$I$6,'ДАННЫЕ T3'!$K$6:$K$286,0)),"") -> 0x00000100 | G13: WORD / DATA | I13: =IFERROR(INDEX('ДАННЫЕ T3'!$G$6:$G$286,MATCH($D$6*1000+$I$6,'ДАННЫЕ T3'!$K$6:$K$286,0)),"") -> 0x01D2A023
B14: Мнемоника | D14: =IFERROR(INDEX('ДАННЫЕ T3'!$I$6:$I$286,MATCH($D$6*1000+$I$6,'ДАННЫЕ T3'!$K$6:$K$286,0)),"") -> sw | G14: Участок | I14: =IFERROR(INDEX('ДАННЫЕ T3'!$J$6:$J$286,MATCH($D$6*1000+$I$6,'ДАННЫЕ T3'!$K$6:$K$286,0)),"") -> CORE
B15: Дизассемблирование | D15: =IFERROR(INDEX('ДАННЫЕ T3'!$H$6:$H$286,MATCH($D$6*1000+$I$6,'ДАННЫЕ T3'!$K$6:$K$286,0)),"") -> sw t4, 0(t0)
B17: Что означает | D17: =IF(D12="LED_WRITE","Аппаратная шина приняла запись GPIO по адресу 0x20000000",IFERROR(VLOOKUP(D14,'КОМАНДЫ'!$A$7:$F$17,5,FALSE),"Выберите событие")) -> MEM32[rs1 + offset] ← rs2
B20: К этому шагу LED | D20: =IF(D12="LED_WRITE",I13,"Ещё нет LED_WRITE") -> Ещё нет LED_WRITE | G20: Итог снимка | I20: =IFERROR(INDEX('ЗАХВАТЫ'!$F$6:$F$17,MATCH(D6,'ЗАХВАТЫ'!$A$6:$A$17,0)),"") -> 0x00000008
B22: =IF(I6>I7,"События с этим номером нет в захвате!",IF(D12="LED_WRITE","LED_WRITE зарегистрирован: маска после записи известна","До LED_WRITE предыдущая физическая LED-маска неизвестна по этому снимку")) -> До LED_WRITE предыдущая физическая LED-маска неизвестна по этому снимку
D24: L1 | E24: L2 | F24: L3 | G24: L4 | H24: L5 | I24: L6
D25: =IF($D$12<>"LED_WRITE","?",IF(MOD(INT(HEX2DEC(RIGHT($I$13,8))/2^0),2)=1,"●","○")) -> ? | E25: =IF($D$12<>"LED_WRITE","?",IF(MOD(INT(HEX2DEC(RIGHT($I$13,8))/2^1),2)=1,"●","○")) -> ? | F25: =IF($D$12<>"LED_WRITE","?",IF(MOD(INT(HEX2DEC(RIGHT($I$13,8))/2^2),2)=1,"●","○")) -> ? | G25: =IF($D$12<>"LED_WRITE","?",IF(MOD(INT(HEX2DEC(RIGHT($I$13,8))/2^3),2)=1,"●","○")) -> ? | H25: =IF($D$12<>"LED_WRITE","?",IF(MOD(INT(HEX2DEC(RIGHT($I$13,8))/2^4),2)=1,"●","○")) -> ? | I25: =IF($D$12<>"LED_WRITE","?",IF(MOD(INT(HEX2DEC(RIGHT($I$13,8))/2^5),2)=1,"●","○")) -> ?
B27: Лампочки показывают только логическую маску после зарегистрированной LED_WRITE, не измерение света.
A29: ПОШАГОВЫЙ ПРОСМОТР ТРАССЫ (изменяйте I6 от 1 до числа событий)
A30: № | B30: Цикл | C30: Тип | D30: PC/адрес | E30: WORD/DATA | F30: Ассемблер | G30: Участок | H30: LED-маска | I30: ROM-check
A31: 1 | B31: =IF($A31>$I$7,"",IFERROR(INDEX('ДАННЫЕ T3'!$D$6:$D$286,MATCH($D$6*1000+$A31,'ДАННЫЕ T3'!$K$6:$K$286,0)),"")) -> 0 | C31: =IF($A31>$I$7,"",IFERROR(INDEX('ДАННЫЕ T3'!$E$6:$E$286,MATCH($D$6*1000+$A31,'ДАННЫЕ T3'!$K$6:$K$286,0)),"")) -> FETCH | D31: =IF($A31>$I$7,"",IFERROR(INDEX('ДАННЫЕ T3'!$F$6:$F$286,MATCH($D$6*1000+$A31,'ДАННЫЕ T3'!$K$6:$K$286,0)),"")) -> 0x00000040 | E31: =IF($A31>$I$7,"",IFERROR(INDEX('ДАННЫЕ T3'!$G$6:$G$286,MATCH($D$6*1000+$A31,'ДАННЫЕ T3'!$K$6:$K$286,0)),"")) -> 0xFE038CE3 | F31: =IF($A31>$I$7,"",IFERROR(INDEX('ДАННЫЕ T3'!$H$6:$H$286,MATCH($D$6*1000+$A31,'ДАННЫЕ T3'!$K$6:$K$286,0)),"")) -> beq t2, zero, 0x00000038 | G31: =IF($A31>$I$7,"",IFERROR(INDEX('ДАННЫЕ T3'!$J$6:$J$286,MATCH($D$6*1000+$A31,'ДАННЫЕ T3'!$K$6:$K$286,0)),"")) -> POLL | H31: =IF(C31="LED_WRITE",E31,"") | I31: =IF($A31>$I$7,"",IFERROR(INDEX('ДАННЫЕ T3'!$O$6:$O$286,MATCH($D$6*1000+$A31,'ДАННЫЕ T3'!$K$6:$K$286,0)),"")) -> ROM OK
A32: 2 | B32: =IF($A32>$I$7,"",IFERROR(INDEX('ДАННЫЕ T3'!$D$6:$D$286,MATCH($D$6*1000+$A32,'ДАННЫЕ T3'!$K$6:$K$286,0)),"")) -> 4 | C32: =IF($A32>$I$7,"",IFERROR(INDEX('ДАННЫЕ T3'!$E$6:$E$286,MATCH($D$6*1000+$A32,'ДАННЫЕ T3'!$K$6:$K$286,0)),"")) -> FETCH | D32: =IF($A32>$I$7,"",IFERROR(INDEX('ДАННЫЕ T3'!$F$6:$F$286,MATCH($D$6*1000+$A32,'ДАННЫЕ T3'!$K$6:$K$286,0)),"")) -> 0x00000044 | E32: =IF($A32>$I$7,"",IFERROR(INDEX('ДАННЫЕ T3'!$G$6:$G$286,MATCH($D$6*1000+$A32,'ДАННЫЕ T3'!$K$6:$K$286,0)),"")) -> 0x0182AE03 | F32: =IF($A32>$I$7,"",IFERROR(INDEX('ДАННЫЕ T3'!$H$6:$H$286,MATCH($D$6*1000+$A32,'ДАННЫЕ T3'!$K$6:$K$286,0)),"")) -> lw t3, 24(t0) | G32: =IF($A32>$I$7,"",IFERROR(INDEX('ДАННЫЕ T3'!$J$6:$J$286,MATCH($D$6*1000+$A32,'ДАННЫЕ T3'!$K$6:$K$286,0)),"")) -> POLL | H32: =IF(C32="LED_WRITE",E32,"") | I32: =IF($A32>$I$7,"",IFERROR(INDEX('ДАННЫЕ T3'!$O$6:$O$286,MATCH($D$6*1000+$A32,'ДАННЫЕ T3'!$K$6:$K$286,0)),"")) -> ROM OK
A33: 3 | B33: =IF($A33>$I$7,"",IFERROR(INDEX('ДАННЫЕ T3'!$D$6:$D$286,MATCH($D$6*1000+$A33,'ДАННЫЕ T3'!$K$6:$K$286,0)),"")) -> 7 | C33: =IF($A33>$I$7,"",IFERROR(INDEX('ДАННЫЕ T3'!$E$6:$E$286,MATCH($D$6*1000+$A33,'ДАННЫЕ T3'!$K$6:$K$286,0)),"")) -> FETCH | D33: =IF($A33>$I$7,"",IFERROR(INDEX('ДАННЫЕ T3'!$F$6:$F$286,MATCH($D$6*1000+$A33,'ДАННЫЕ T3'!$K$6:$K$286,0)),"")) -> 0x00000038 | E33: =IF($A33>$I$7,"",IFERROR(INDEX('ДАННЫЕ T3'!$G$6:$G$286,MATCH($D$6*1000+$A33,'ДАННЫЕ T3'!$K$6:$K$286,0)),"")) -> 0x01C2A383 | F33: =IF($A33>$I$7,"",IFERROR(INDEX('ДАННЫЕ T3'!$H$6:$H$286,MATCH($D$6*1000+$A33,'ДАННЫЕ T3'!$K$6:$K$286,0)),"")) -> lw t2, 28(t0) | G33: =IF($A33>$I$7,"",IFERROR(INDEX('ДАННЫЕ T3'!$J$6:$J$286,MATCH($D$6*1000+$A33,'ДАННЫЕ T3'!$K$6:$K$286,0)),"")) -> POLL | H33: =IF(C33="LED_WRITE",E33,"") | I33: =IF($A33>$I$7,"",IFERROR(INDEX('ДАННЫЕ T3'!$O$6:$O$286,MATCH($D$6*1000+$A33,'ДАННЫЕ T3'!$K$6:$K$286,0)),"")) -> ROM OK
A34: 4 | B34: =IF($A34>$I$7,"",IFERROR(INDEX('ДАННЫЕ T3'!$D$6:$D$286,MATCH($D$6*1000+$A34,'ДАННЫЕ T3'!$K$6:$K$286,0)),"")) -> 11 | C34: =IF($A34>$I$7,"",IFERROR(INDEX('ДАННЫЕ T3'!$E$6:$E$286,MATCH($D$6*1000+$A34,'ДАННЫЕ T3'!$K$6:$K$286,0)),"")) -> FETCH | D34: =IF($A34>$I$7,"",IFERROR(INDEX('ДАННЫЕ T3'!$F$6:$F$286,MATCH($D$6*1000+$A34,'ДАННЫЕ T3'!$K$6:$K$286,0)),"")) -> 0x0000003C | E34: =IF($A34>$I$7,"",IFERROR(INDEX('ДАННЫЕ T3'!$G$6:$G$286,MATCH($D$6*1000+$A34,'ДАННЫЕ T3'!$K$6:$K$286,0)),"")) -> 0x0013F393 | F34: =IF($A34>$I$7,"",IFERROR(INDEX('ДАННЫЕ T3'!$H$6:$H$286,MATCH($D$6*1000+$A34,'ДАННЫЕ T3'!$K$6:$K$286,0)),"")) -> andi t2, t2, 1 | G34: =IF($A34>$I$7,"",IFERROR(INDEX('ДАННЫЕ T3'!$J$6:$J$286,MATCH($D$6*1000+$A34,'ДАННЫЕ T3'!$K$6:$K$286,0)),"")) -> POLL | H34: =IF(C34="LED_WRITE",E34,"") | I34: =IF($A34>$I$7,"",IFERROR(INDEX('ДАННЫЕ T3'!$O$6:$O$286,MATCH($D$6*1000+$A34,'ДАННЫЕ T3'!$K$6:$K$286,0)),"")) -> ROM OK
A35: 5 | B35: =IF($A35>$I$7,"",IFERROR(INDEX('ДАННЫЕ T3'!$D$6:$D$286,MATCH($D$6*1000+$A35,'ДАННЫЕ T3'!$K$6:$K$286,0)),"")) -> 18 | C35: =IF($A35>$I$7,"",IFERROR(INDEX('ДАННЫЕ T3'!$E$6:$E$286,MATCH($D$6*1000+$A35,'ДАННЫЕ T3'!$K$6:$K$286,0)),"")) -> FETCH | D35: =IF($A35>$I$7,"",IFERROR(INDEX('ДАННЫЕ T3'!$F$6:$F$286,MATCH($D$6*1000+$A35,'ДАННЫЕ T3'!$K$6:$K$286,0)),"")) -> 0x00000040 | E35: =IF($A35>$I$7,"",IFERROR(INDEX('ДАННЫЕ T3'!$G$6:$G$286,MATCH($D$6*1000+$A35,'ДАННЫЕ T3'!$K$6:$K$286,0)),"")) -> 0xFE038CE3 | F35: =IF($A35>$I$7,"",IFERROR(INDEX('ДАННЫЕ T3'!$H$6:$H$286,MATCH($D$6*1000+$A35,'ДАННЫЕ T3'!$K$6:$K$286,0)),"")) -> beq t2, zero, 0x00000038 | G35: =IF($A35>$I$7,"",IFERROR(INDEX('ДАННЫЕ T3'!$J$6:$J$286,MATCH($D$6*1000+$A35,'ДАННЫЕ T3'!$K$6:$K$286,0)),"")) -> POLL | H35: =IF(C35="LED_WRITE",E35,"") | I35: =IF($A35>$I$7,"",IFERROR(INDEX('ДАННЫЕ T3'!$O$6:$O$286,MATCH($D$6*1000+$A35,'ДАННЫЕ T3'!$K$6:$K$286,0)),"")) -> ROM OK
A36: 6 | B36: =IF($A36>$I$7,"",IFERROR(INDEX('ДАННЫЕ T3'!$D$6:$D$286,MATCH($D$6*1000+$A36,'ДАННЫЕ T3'!$K$6:$K$286,0)),"")) -> 22 | C36: =IF($A36>$I$7,"",IFERROR(INDEX('ДАННЫЕ T3'!$E$6:$E$286,MATCH($D$6*1000+$A36,'ДАННЫЕ T3'!$K$6:$K$286,0)),"")) -> FETCH | D36: =IF($A36>$I$7,"",IFERROR(INDEX('ДАННЫЕ T3'!$F$6:$F$286,MATCH($D$6*1000+$A36,'ДАННЫЕ T3'!$K$6:$K$286,0)),"")) -> 0x00000044 | E36: =IF($A36>$I$7,"",IFERROR(INDEX('ДАННЫЕ T3'!$G$6:$G$286,MATCH($D$6*1000+$A36,'ДАННЫЕ T3'!$K$6:$K$286,0)),"")) -> 0x0182AE03 | F36: =IF($A36>$I$7,"",IFERROR(INDEX('ДАННЫЕ T3'!$H$6:$H$286,MATCH($D$6*1000+$A36,'ДАННЫЕ T3'!$K$6:$K$286,0)),"")) -> lw t3, 24(t0) | G36: =IF($A36>$I$7,"",IFERROR(INDEX('ДАННЫЕ T3'!$J$6:$J$286,MATCH($D$6*1000+$A36,'ДАННЫЕ T3'!$K$6:$K$286,0)),"")) -> POLL | H36: =IF(C36="LED_WRITE",E36,"") | I36: =IF($A36>$I$7,"",IFERROR(INDEX('ДАННЫЕ T3'!$O$6:$O$286,MATCH($D$6*1000+$A36,'ДАННЫЕ T3'!$K$6:$K$286,0)),"")) -> ROM OK
A37: 7 | B37: =IF($A37>$I$7,"",IFERROR(INDEX('ДАННЫЕ T3'!$D$6:$D$286,MATCH($D$6*1000+$A37,'ДАННЫЕ T3'!$K$6:$K$286,0)),"")) -> 26 | C37: =IF($A37>$I$7,"",IFERROR(INDEX('ДАННЫЕ T3'!$E$6:$E$286,MATCH($D$6*1000+$A37,'ДАННЫЕ T3'!$K$6:$K$286,0)),"")) -> FETCH | D37: =IF($A37>$I$7,"",IFERROR(INDEX('ДАННЫЕ T3'!$F$6:$F$286,MATCH($D$6*1000+$A37,'ДАННЫЕ T3'!$K$6:$K$286,0)),"")) -> 0x00000048 | E37: =IF($A37>$I$7,"",IFERROR(INDEX('ДАННЫЕ T3'!$G$6:$G$286,MATCH($D$6*1000+$A37,'ДАННЫЕ T3'!$K$6:$K$286,0)),"")) -> 0x05400413 | F37: =IF($A37>$I$7,"",IFERROR(INDEX('ДАННЫЕ T3'!$H$6:$H$286,MATCH($D$6*1000+$A37,'ДАННЫЕ T3'!$K$6:$K$286,0)),"")) -> addi s0, zero, 84 | G37: =IF($A37>$I$7,"",IFERROR(INDEX('ДАННЫЕ T3'!$J$6:$J$286,MATCH($D$6*1000+$A37,'ДАННЫЕ T3'!$K$6:$K$286,0)),"")) -> CORE | H37: =IF(C37="LED_WRITE",E37,"") | I37: =IF($A37>$I$7,"",IFERROR(INDEX('ДАННЫЕ T3'!$O$6:$O$286,MATCH($D$6*1000+$A37,'ДАННЫЕ T3'!$K$6:$K$286,0)),"")) -> ROM OK
A38: 8 | B38: =IF($A38>$I$7,"",IFERROR(INDEX('ДАННЫЕ T3'!$D$6:$D$286,MATCH($D$6*1000+$A38,'ДАННЫЕ T3'!$K$6:$K$286,0)),"")) -> 33 | C38: =IF($A38>$I$7,"",IFERROR(INDEX('ДАННЫЕ T3'!$E$6:$E$286,MATCH($D$6*1000+$A38,'ДАННЫЕ T3'!$K$6:$K$286,0)),"")) -> FETCH | D38: =IF($A38>$I$7,"",IFERROR(INDEX('ДАННЫЕ T3'!$F$6:$F$286,MATCH($D$6*1000+$A38,'ДАННЫЕ T3'!$K$6:$K$286,0)),"")) -> 0x0000004C | E38: =IF($A38>$I$7,"",IFERROR(INDEX('ДАННЫЕ T3'!$G$6:$G$286,MATCH($D$6*1000+$A38,'ДАННЫЕ T3'!$K$6:$K$286,0)),"")) -> 0x1A8E0063 | F38: =IF($A38>$I$7,"",IFERROR(INDEX('ДАННЫЕ T3'!$H$6:$H$286,MATCH($D$6*1000+$A38,'ДАННЫЕ T3'!$K$6:$K$286,0)),"")) -> beq t3, s0, 0x000001EC | G38: =IF($A38>$I$7,"",IFERROR(INDEX('ДАННЫЕ T3'!$J$6:$J$286,MATCH($D$6*1000+$A38,'ДАННЫЕ T3'!$K$6:$K$286,0)),"")) -> CORE | H38: =IF(C38="LED_WRITE",E38,"") | I38: =IF($A38>$I$7,"",IFERROR(INDEX('ДАННЫЕ T3'!$O$6:$O$286,MATCH($D$6*1000+$A38,'ДАННЫЕ T3'!$K$6:$K$286,0)),"")) -> ROM OK
A39: 9 | B39: =IF($A39>$I$7,"",IFERROR(INDEX('ДАННЫЕ T3'!$D$6:$D$286,MATCH($D$6*1000+$A39,'ДАННЫЕ T3'!$K$6:$K$286,0)),"")) -> 37 | C39: =IF($A39>$I$7,"",IFERROR(INDEX('ДАННЫЕ T3'!$E$6:$E$286,MATCH($D$6*1000+$A39,'ДАННЫЕ T3'!$K$6:$K$286,0)),"")) -> FETCH | D39: =IF($A39>$I$7,"",IFERROR(INDEX('ДАННЫЕ T3'!$F$6:$F$286,MATCH($D$6*1000+$A39,'ДАННЫЕ T3'!$K$6:$K$286,0)),"")) -> 0x00000050 | E39: =IF($A39>$I$7,"",IFERROR(INDEX('ДАННЫЕ T3'!$G$6:$G$286,MATCH($D$6*1000+$A39,'ДАННЫЕ T3'!$K$6:$K$286,0)),"")) -> 0x04300413 | F39: =IF($A39>$I$7,"",IFERROR(INDEX('ДАННЫЕ T3'!$H$6:$H$286,MATCH($D$6*1000+$A39,'ДАННЫЕ T3'!$K$6:$K$286,0)),"")) -> addi s0, zero, 67 | G39: =IF($A39>$I$7,"",IFERROR(INDEX('ДАННЫЕ T3'!$J$6:$J$286,MATCH($D$6*1000+$A39,'ДАННЫЕ T3'!$K$6:$K$286,0)),"")) -> CORE | H39: =IF(C39="LED_WRITE",E39,"") | I39: =IF($A39>$I$7,"",IFERROR(INDEX('ДАННЫЕ T3'!$O$6:$O$286,MATCH($D$6*1000+$A39,'ДАННЫЕ T3'!$K$6:$K$286,0)),"")) -> ROM OK
A40: 10 | B40: =IF($A40>$I$7,"",IFERROR(INDEX('ДАННЫЕ T3'!$D$6:$D$286,MATCH($D$6*1000+$A40,'ДАННЫЕ T3'!$K$6:$K$286,0)),"")) -> 41 | C40: =IF($A40>$I$7,"",IFERROR(INDEX('ДАННЫЕ T3'!$E$6:$E$286,MATCH($D$6*1000+$A40,'ДАННЫЕ T3'!$K$6:$K$286,0)),"")) -> FETCH | D40: =IF($A40>$I$7,"",IFERROR(INDEX('ДАННЫЕ T3'!$F$6:$F$286,MATCH($D$6*1000+$A40,'ДАННЫЕ T3'!$K$6:$K$286,0)),"")) -> 0x00000054 | E40: =IF($A40>$I$7,"",IFERROR(INDEX('ДАННЫЕ T3'!$G$6:$G$286,MATCH($D$6*1000+$A40,'ДАННЫЕ T3'!$K$6:$K$286,0)),"")) -> 0x188E0063 | F40: =IF($A40>$I$7,"",IFERROR(INDEX('ДАННЫЕ T3'!$H$6:$H$286,MATCH($D$6*1000+$A40,'ДАННЫЕ T3'!$K$6:$K$286,0)),"")) -> beq t3, s0, 0x000001D4 | G40: =IF($A40>$I$7,"",IFERROR(INDEX('ДАННЫЕ T3'!$J$6:$J$286,MATCH($D$6*1000+$A40,'ДАННЫЕ T3'!$K$6:$K$286,0)),"")) -> CORE | H40: =IF(C40="LED_WRITE",E40,"") | I40: =IF($A40>$I$7,"",IFERROR(INDEX('ДАННЫЕ T3'!$O$6:$O$286,MATCH($D$6*1000+$A40,'ДАННЫЕ T3'!$K$6:$K$286,0)),"")) -> ROM OK
A41: 11 | B41: =IF($A41>$I$7,"",IFERROR(INDEX('ДАННЫЕ T3'!$D$6:$D$286,MATCH($D$6*1000+$A41,'ДАННЫЕ T3'!$K$6:$K$286,0)),"")) -> 45 | C41: =IF($A41>$I$7,"",IFERROR(INDEX('ДАННЫЕ T3'!$E$6:$E$286,MATCH($D$6*1000+$A41,'ДАННЫЕ T3'!$K$6:$K$286,0)),"")) -> FETCH | D41: =IF($A41>$I$7,"",IFERROR(INDEX('ДАННЫЕ T3'!$F$6:$F$286,MATCH($D$6*1000+$A41,'ДАННЫЕ T3'!$K$6:$K$286,0)),"")) -> 0x00000058 | E41: =IF($A41>$I$7,"",IFERROR(INDEX('ДАННЫЕ T3'!$G$6:$G$286,MATCH($D$6*1000+$A41,'ДАННЫЕ T3'!$K$6:$K$286,0)),"")) -> 0x03F00413 | F41: =IF($A41>$I$7,"",IFERROR(INDEX('ДАННЫЕ T3'!$H$6:$H$286,MATCH($D$6*1000+$A41,'ДАННЫЕ T3'!$K$6:$K$286,0)),"")) -> addi s0, zero, 63 | G41: =IF($A41>$I$7,"",IFERROR(INDEX('ДАННЫЕ T3'!$J$6:$J$286,MATCH($D$6*1000+$A41,'ДАННЫЕ T3'!$K$6:$K$286,0)),"")) -> CORE | H41: =IF(C41="LED_WRITE",E41,"") | I41: =IF($A41>$I$7,"",IFERROR(INDEX('ДАННЫЕ T3'!$O$6:$O$286,MATCH($D$6*1000+$A41,'ДАННЫЕ T3'!$K$6:$K$286,0)),"")) -> ROM OK
A42: 12 | B42: =IF($A42>$I$7,"",IFERROR(INDEX('ДАННЫЕ T3'!$D$6:$D$286,MATCH($D$6*1000+$A42,'ДАННЫЕ T3'!$K$6:$K$286,0)),"")) -> 49 | C42: =IF($A42>$I$7,"",IFERROR(INDEX('ДАННЫЕ T3'!$E$6:$E$286,MATCH($D$6*1000+$A42,'ДАННЫЕ T3'!$K$6:$K$286,0)),"")) -> FETCH | D42: =IF($A42>$I$7,"",IFERROR(INDEX('ДАННЫЕ T3'!$F$6:$F$286,MATCH($D$6*1000+$A42,'ДАННЫЕ T3'!$K$6:$K$286,0)),"")) -> 0x0000005C | E42: =IF($A42>$I$7,"",IFERROR(INDEX('ДАННЫЕ T3'!$G$6:$G$286,MATCH($D$6*1000+$A42,'ДАННЫЕ T3'!$K$6:$K$286,0)),"")) -> 0x0A8E0A63 | F42: =IF($A42>$I$7,"",IFERROR(INDEX('ДАННЫЕ T3'!$H$6:$H$286,MATCH($D$6*1000+$A42,'ДАННЫЕ T3'!$K$6:$K$286,0)),"")) -> beq t3, s0, 0x00000110 | G42: =IF($A42>$I$7,"",IFERROR(INDEX('ДАННЫЕ T3'!$J$6:$J$286,MATCH($D$6*1000+$A42,'ДАННЫЕ T3'!$K$6:$K$286,0)),"")) -> CORE | H42: =IF(C42="LED_WRITE",E42,"") | I42: =IF($A42>$I$7,"",IFERROR(INDEX('ДАННЫЕ T3'!$O$6:$O$286,MATCH($D$6*1000+$A42,'ДАННЫЕ T3'!$K$6:$K$286,0)),"")) -> ROM OK
... A59: 29 | B59: =IF($A59>$I$7,"",IFERROR(INDEX('ДАННЫЕ T3'!$D$6:$D$286,MATCH($D$6*1000+$A59,'ДАННЫЕ T3'!$K$6:$K$286,0)),"")) -> 115 | C59: =IF($A59>$I$7,"",IFERROR(INDEX('ДАННЫЕ T3'!$E$6:$E$286,MATCH($D$6*1000+$A59,'ДАННЫЕ T3'!$K$6:$K$286,0)),"")) -> LED_WRITE | D59: =IF($A59>$I$7,"",IFERROR(INDEX('ДАННЫЕ T3'!$F$6:$F$286,MATCH($D$6*1000+$A59,'ДАННЫЕ T3'!$K$6:$K$286,0)),"")) -> 0x20000000 | E59: =IF($A59>$I$7,"",IFERROR(INDEX('ДАННЫЕ T3'!$G$6:$G$286,MATCH($D$6*1000+$A59,'ДАННЫЕ T3'!$K$6:$K$286,0)),"")) -> 0x00000008 | F59: =IF($A59>$I$7,"",IFERROR(INDEX('ДАННЫЕ T3'!$H$6:$H$286,MATCH($D$6*1000+$A59,'ДАННЫЕ T3'!$K$6:$K$286,0)),"")) -> MMIO GPIO write | G59: =IF($A59>$I$7,"",IFERROR(INDEX('ДАННЫЕ T3'!$J$6:$J$286,MATCH($D$6*1000+$A59,'ДАННЫЕ T3'!$K$6:$K$286,0)),"")) -> MMIO | H59: =IF(C59="LED_WRITE",E59,"") -> 0x00000008 | I59: =IF($A59>$I$7,"",IFERROR(INDEX('ДАННЫЕ T3'!$O$6:$O$286,MATCH($D$6*1000+$A59,'ДАННЫЕ T3'!$K$6:$K$286,0)),"")) -> MMIO OK

Sheet СРАВНЕНИЕ
A1: CORE СРАВНЕНИЕ / FPGA ↔ FPGA
A3: Нормализация: события от первого единственного FETCH PC=0x00000048 до LED_WRITE. Циклы между запусками НЕ приравниваются.
A4: СТАРТ | B4: НАБЛЮДЕНИЕ | C4: СРАВНЕНИЕ | D4: LED / MMIO | E4: КОМАНДЫ | F4: 12 ТРАСС | G4: RAW T3 | H4: ROM | I4: ТЕРМИНЫ | J4: ПРОИСХОЖДЕНИЕ | K4: БИТЫ 202 | L4: 10 КАРТОЧЕК
B6: Захват A | C6: 3 | H6: Захват B | I6: 5
B8: UART | C8: =IFERROR(INDEX('ЗАХВАТЫ'!$B$6:$B$17,MATCH($C$6,'ЗАХВАТЫ'!$A$6:$A$17,0)),"") -> 4 | H8: UART | I8: =IFERROR(INDEX('ЗАХВАТЫ'!$B$6:$B$17,MATCH($I$6,'ЗАХВАТЫ'!$A$6:$A$17,0)),"") -> 4
B9: RAW FETCH | C9: =IFERROR(INDEX('ЗАХВАТЫ'!$D$6:$D$17,MATCH($C$6,'ЗАХВАТЫ'!$A$6:$A$17,0)),"") -> 24 | H9: RAW FETCH | I9: =IFERROR(INDEX('ЗАХВАТЫ'!$D$6:$D$17,MATCH($I$6,'ЗАХВАТЫ'!$A$6:$A$17,0)),"") -> 28
B10: Префикс | C10: =IFERROR(INDEX('ЗАХВАТЫ'!$G$6:$G$17,MATCH($C$6,'ЗАХВАТЫ'!$A$6:$A$17,0)),"") -> 2 | H10: Префикс | I10: =IFERROR(INDEX('ЗАХВАТЫ'!$G$6:$G$17,MATCH($I$6,'ЗАХВАТЫ'!$A$6:$A$17,0)),"") -> 6
B11: CORE событий | C11: =IFERROR(INDEX('ЗАХВАТЫ'!$I$6:$I$17,MATCH($C$6,'ЗАХВАТЫ'!$A$6:$A$17,0)),"") -> 23 | H11: CORE событий | I11: =IFERROR(INDEX('ЗАХВАТЫ'!$I$6:$I$17,MATCH($I$6,'ЗАХВАТЫ'!$A$6:$A$17,0)),"") -> 23
B13: =IF(C8<>I8,"РАЗНЫЕ КОМАНДЫ — нельзя ожидать полного совпадения",IF(C11<>I11,"MISMATCH: размер CORE различается",IF(COUNTIF(L19:L41,"DIFF")=0,"MATCH: совпадают все CORE-сигнатуры","MISMATCH: найдено расхождение"))) -> MATCH: совпадают все CORE-сигнатуры
A16: КОМАНДА 4: 24 FETCH (захват 03) ≠ 28 FETCH (захват 05), НО CORE = 23 СОБЫТИЯ
A18: № CORE | B18: Тип A | C18: Адрес A | D18: Данные A | E18: ASM A | F18: Цикл A | G18: Тип B | H18: Адрес B | I18: Данные B | J18: ASM B | K18: Цикл B | L18: Сверка
A19: 1 | B19: =IF($A19>$C$11,"",IFERROR(INDEX('ДАННЫЕ T3'!$E$6:$E$286,MATCH($C$6*1000+$A19+$C$10,'ДАННЫЕ T3'!$K$6:$K$286,0)),"")) -> FETCH | C19: =IF($A19>$C$11,"",IFERROR(INDEX('ДАННЫЕ T3'!$F$6:$F$286,MATCH($C$6*1000+$A19+$C$10,'ДАННЫЕ T3'!$K$6:$K$286,0)),"")) -> 0x00000048 | D19: =IF($A19>$C$11,"",IFERROR(INDEX('ДАННЫЕ T3'!$G$6:$G$286,MATCH($C$6*1000+$A19+$C$10,'ДАННЫЕ T3'!$K$6:$K$286,0)),"")) -> 0x05400413 | E19: =IF($A19>$C$11,"",IFERROR(INDEX('ДАННЫЕ T3'!$H$6:$H$286,MATCH($C$6*1000+$A19+$C$10,'ДАННЫЕ T3'!$K$6:$K$286,0)),"")) -> addi s0, zero, 84 | F19: =IF($A19>$C$11,"",IFERROR(INDEX('ДАННЫЕ T3'!$D$6:$D$286,MATCH($C$6*1000+$A19+$C$10,'ДАННЫЕ T3'!$K$6:$K$286,0)),"")) -> 13 | G19: =IF($A19>$I$11,"",IFERROR(INDEX('ДАННЫЕ T3'!$E$6:$E$286,MATCH($I$6*1000+$A19+$I$10,'ДАННЫЕ T3'!$K$6:$K$286,0)),"")) -> FETCH | H19: =IF($A19>$I$11,"",IFERROR(INDEX('ДАННЫЕ T3'!$F$6:$F$286,MATCH($I$6*1000+$A19+$I$10,'ДАННЫЕ T3'!$K$6:$K$286,0)),"")) -> 0x00000048 | I19: =IF($A19>$I$11,"",IFERROR(INDEX('ДАННЫЕ T3'!$G$6:$G$286,MATCH($I$6*1000+$A19+$I$10,'ДАННЫЕ T3'!$K$6:$K$286,0)),"")) -> 0x05400413 | J19: =IF($A19>$I$11,"",IFERROR(INDEX('ДАННЫЕ T3'!$H$6:$H$286,MATCH($I$6*1000+$A19+$I$10,'ДАННЫЕ T3'!$K$6:$K$286,0)),"")) -> addi s0, zero, 84 | K19: =IF($A19>$I$11,"",IFERROR(INDEX('ДАННЫЕ T3'!$D$6:$D$286,MATCH($I$6*1000+$A19+$I$10,'ДАННЫЕ T3'!$K$6:$K$286,0)),"")) -> 26 | L19: =IF(OR(B19="",G19=""),"",IF(AND(B19=G19,C19=H19,D19=I19),"MATCH","DIFF")) -> MATCH
A20: 2 | B20: =IF($A20>$C$11,"",IFERROR(INDEX('ДАННЫЕ T3'!$E$6:$E$286,MATCH($C$6*1000+$A20+$C$10,'ДАННЫЕ T3'!$K$6:$K$286,0)),"")) -> FETCH | C20: =IF($A20>$C$11,"",IFERROR(INDEX('ДАННЫЕ T3'!$F$6:$F$286,MATCH($C$6*1000+$A20+$C$10,'ДАННЫЕ T3'!$K$6:$K$286,0)),"")) -> 0x0000004C | D20: =IF($A20>$C$11,"",IFERROR(INDEX('ДАННЫЕ T3'!$G$6:$G$286,MATCH($C$6*1000+$A20+$C$10,'ДАННЫЕ T3'!$K$6:$K$286,0)),"")) -> 0x1A8E0063 | E20: =IF($A20>$C$11,"",IFERROR(INDEX('ДАННЫЕ T3'!$H$6:$H$286,MATCH($C$6*1000+$A20+$C$10,'ДАННЫЕ T3'!$K$6:$K$286,0)),"")) -> beq t3, s0, 0x000001EC | F20: =IF($A20>$C$11,"",IFERROR(INDEX('ДАННЫЕ T3'!$D$6:$D$286,MATCH($C$6*1000+$A20+$C$10,'ДАННЫЕ T3'!$K$6:$K$286,0)),"")) -> 20 | G20: =IF($A20>$I$11,"",IFERROR(INDEX('ДАННЫЕ T3'!$E$6:$E$286,MATCH($I$6*1000+$A20+$I$10,'ДАННЫЕ T3'!$K$6:$K$286,0)),"")) -> FETCH | H20: =IF($A20>$I$11,"",IFERROR(INDEX('ДАННЫЕ T3'!$F$6:$F$286,MATCH($I$6*1000+$A20+$I$10,'ДАННЫЕ T3'!$K$6:$K$286,0)),"")) -> 0x0000004C | I20: =IF($A20>$I$11,"",IFERROR(INDEX('ДАННЫЕ T3'!$G$6:$G$286,MATCH($I$6*1000+$A20+$I$10,'ДАННЫЕ T3'!$K$6:$K$286,0)),"")) -> 0x1A8E0063 | J20: =IF($A20>$I$11,"",IFERROR(INDEX('ДАННЫЕ T3'!$H$6:$H$286,MATCH($I$6*1000+$A20+$I$10,'ДАННЫЕ T3'!$K$6:$K$286,0)),"")) -> beq t3, s0, 0x000001EC | K20: =IF($A20>$I$11,"",IFERROR(INDEX('ДАННЫЕ T3'!$D$6:$D$286,MATCH($I$6*1000+$A20+$I$10,'ДАННЫЕ T3'!$K$6:$K$286,0)),"")) -> 33 | L20: =IF(OR(B20="",G20=""),"",IF(AND(B20=G20,C20=H20,D20=I20),"MATCH","DIFF")) -> MATCH
A21: 3 | B21: =IF($A21>$C$11,"",IFERROR(INDEX('ДАННЫЕ T3'!$E$6:$E$286,MATCH($C$6*1000+$A21+$C$10,'ДАННЫЕ T3'!$K$6:$K$286,0)),"")) -> FETCH | C21: =IF($A21>$C$11,"",IFERROR(INDEX('ДАННЫЕ T3'!$F$6:$F$286,MATCH($C$6*1000+$A21+$C$10,'ДАННЫЕ T3'!$K$6:$K$286,0)),"")) -> 0x00000050 | D21: =IF($A21>$C$11,"",IFERROR(INDEX('ДАННЫЕ T3'!$G$6:$G$286,MATCH($C$6*1000+$A21+$C$10,'ДАННЫЕ T3'!$K$6:$K$286,0)),"")) -> 0x04300413 | E21: =IF($A21>$C$11,"",IFERROR(INDEX('ДАННЫЕ T3'!$H$6:$H$286,MATCH($C$6*1000+$A21+$C$10,'ДАННЫЕ T3'!$K$6:$K$286,0)),"")) -> addi s0, zero, 67 | F21: =IF($A21>$C$11,"",IFERROR(INDEX('ДАННЫЕ T3'!$D$6:$D$286,MATCH($C$6*1000+$A21+$C$10,'ДАННЫЕ T3'!$K$6:$K$286,0)),"")) -> 24 | G21: =IF($A21>$I$11,"",IFERROR(INDEX('ДАННЫЕ T3'!$E$6:$E$286,MATCH($I$6*1000+$A21+$I$10,'ДАННЫЕ T3'!$K$6:$K$286,0)),"")) -> FETCH | H21: =IF($A21>$I$11,"",IFERROR(INDEX('ДАННЫЕ T3'!$F$6:$F$286,MATCH($I$6*1000+$A21+$I$10,'ДАННЫЕ T3'!$K$6:$K$286,0)),"")) -> 0x00000050 | I21: =IF($A21>$I$11,"",IFERROR(INDEX('ДАННЫЕ T3'!$G$6:$G$286,MATCH($I$6*1000+$A21+$I$10,'ДАННЫЕ T3'!$K$6:$K$286,0)),"")) -> 0x04300413 | J21: =IF($A21>$I$11,"",IFERROR(INDEX('ДАННЫЕ T3'!$H$6:$H$286,MATCH($I$6*1000+$A21+$I$10,'ДАННЫЕ T3'!$K$6:$K$286,0)),"")) -> addi s0, zero, 67 | K21: =IF($A21>$I$11,"",IFERROR(INDEX('ДАННЫЕ T3'!$D$6:$D$286,MATCH($I$6*1000+$A21+$I$10,'ДАННЫЕ T3'!$K$6:$K$286,0)),"")) -> 37 | L21: =IF(OR(B21="",G21=""),"",IF(AND(B21=G21,C21=H21,D21=I21),"MATCH","DIFF")) -> MATCH
A22: 4 | B22: =IF($A22>$C$11,"",IFERROR(INDEX('ДАННЫЕ T3'!$E$6:$E$286,MATCH($C$6*1000+$A22+$C$10,'ДАННЫЕ T3'!$K$6:$K$286,0)),"")) -> FETCH | C22: =IF($A22>$C$11,"",IFERROR(INDEX('ДАННЫЕ T3'!$F$6:$F$286,MATCH($C$6*1000+$A22+$C$10,'ДАННЫЕ T3'!$K$6:$K$286,0)),"")) -> 0x00000054 | D22: =IF($A22>$C$11,"",IFERROR(INDEX('ДАННЫЕ T3'!$G$6:$G$286,MATCH($C$6*1000+$A22+$C$10,'ДАННЫЕ T3'!$K$6:$K$286,0)),"")) -> 0x188E0063 | E22: =IF($A22>$C$11,"",IFERROR(INDEX('ДАННЫЕ T3'!$H$6:$H$286,MATCH($C$6*1000+$A22+$C$10,'ДАННЫЕ T3'!$K$6:$K$286,0)),"")) -> beq t3, s0, 0x000001D4 | F22: =IF($A22>$C$11,"",IFERROR(INDEX('ДАННЫЕ T3'!$D$6:$D$286,MATCH($C$6*1000+$A22+$C$10,'ДАННЫЕ T3'!$K$6:$K$286,0)),"")) -> 28 | G22: =IF($A22>$I$11,"",IFERROR(INDEX('ДАННЫЕ T3'!$E$6:$E$286,MATCH($I$6*1000+$A22+$I$10,'ДАННЫЕ T3'!$K$6:$K$286,0)),"")) -> FETCH | H22: =IF($A22>$I$11,"",IFERROR(INDEX('ДАННЫЕ T3'!$F$6:$F$286,MATCH($I$6*1000+$A22+$I$10,'ДАННЫЕ T3'!$K$6:$K$286,0)),"")) -> 0x00000054 | I22: =IF($A22>$I$11,"",IFERROR(INDEX('ДАННЫЕ T3'!$G$6:$G$286,MATCH($I$6*1000+$A22+$I$10,'ДАННЫЕ T3'!$K$6:$K$286,0)),"")) -> 0x188E0063 | J22: =IF($A22>$I$11,"",IFERROR(INDEX('ДАННЫЕ T3'!$H$6:$H$286,MATCH($I$6*1000+$A22+$I$10,'ДАННЫЕ T3'!$K$6:$K$286,0)),"")) -> beq t3, s0, 0x000001D4 | K22: =IF($A22>$I$11,"",IFERROR(INDEX('ДАННЫЕ T3'!$D$6:$D$286,MATCH($I$6*1000+$A22+$I$10,'ДАННЫЕ T3'!$K$6:$K$286,0)),"")) -> 41 | L22: =IF(OR(B22="",G22=""),"",IF(AND(B22=G22,C22=H22,D22=I22),"MATCH","DIFF")) -> MATCH
A23: 5 | B23: =IF($A23>$C$11,"",IFERROR(INDEX('ДАННЫЕ T3'!$E$6:$E$286,MATCH($C$6*1000+$A23+$C$10,'ДАННЫЕ T3'!$K$6:$K$286,0)),"")) -> FETCH | C23: =IF($A23>$C$11,"",IFERROR(INDEX('ДАННЫЕ T3'!$F$6:$F$286,MATCH($C$6*1000+$A23+$C$10,'ДАННЫЕ T3'!$K$6:$K$286,0)),"")) -> 0x00000058 | D23: =IF($A23>$C$11,"",IFERROR(INDEX('ДАННЫЕ T3'!$G$6:$G$286,MATCH($C$6*1000+$A23+$C$10,'ДАННЫЕ T3'!$K$6:$K$286,0)),"")) -> 0x03F00413 | E23: =IF($A23>$C$11,"",IFERROR(INDEX('ДАННЫЕ T3'!$H$6:$H$286,MATCH($C$6*1000+$A23+$C$10,'ДАННЫЕ T3'!$K$6:$K$286,0)),"")) -> addi s0, zero, 63 | F23: =IF($A23>$C$11,"",IFERROR(INDEX('ДАННЫЕ T3'!$D$6:$D$286,MATCH($C$6*1000+$A23+$C$10,'ДАННЫЕ T3'!$K$6:$K$286,0)),"")) -> 32 | G23: =IF($A23>$I$11,"",IFERROR(INDEX('ДАННЫЕ T3'!$E$6:$E$286,MATCH($I$6*1000+$A23+$I$10,'ДАННЫЕ T3'!$K$6:$K$286,0)),"")) -> FETCH | H23: =IF($A23>$I$11,"",IFERROR(INDEX('ДАННЫЕ T3'!$F$6:$F$286,MATCH($I$6*1000+$A23+$I$10,'ДАННЫЕ T3'!$K$6:$K$286,0)),"")) -> 0x00000058 | I23: =IF($A23>$I$11,"",IFERROR(INDEX('ДАННЫЕ T3'!$G$6:$G$286,MATCH($I$6*1000+$A23+$I$10,'ДАННЫЕ T3'!$K$6:$K$286,0)),"")) -> 0x03F00413 | J23: =IF($A23>$I$11,"",IFERROR(INDEX('ДАННЫЕ T3'!$H$6:$H$286,MATCH($I$6*1000+$A23+$I$10,'ДАННЫЕ T3'!$K$6:$K$286,0)),"")) -> addi s0, zero, 63 | K23: =IF($A23>$I$11,"",IFERROR(INDEX('ДАННЫЕ T3'!$D$6:$D$286,MATCH($I$6*1000+$A23+$I$10,'ДАННЫЕ T3'!$K$6:$K$286,0)),"")) -> 45 | L23: =IF(OR(B23="",G23=""),"",IF(AND(B23=G23,C23=H23,D23=I23),"MATCH","DIFF")) -> MATCH
A24: 6 | B24: =IF($A24>$C$11,"",IFERROR(INDEX('ДАННЫЕ T3'!$E$6:$E$286,MATCH($C$6*1000+$A24+$C$10,'ДАННЫЕ T3'!$K$6:$K$286,0)),"")) -> FETCH | C24: =IF($A24>$C$11,"",IFERROR(INDEX('ДАННЫЕ T3'!$F$6:$F$286,MATCH($C$6*1000+$A24+$C$10,'ДАННЫЕ T3'!$K$6:$K$286,0)),"")) -> 0x0000005C | D24: =IF($A24>$C$11,"",IFERROR(INDEX('ДАННЫЕ T3'!$G$6:$G$286,MATCH($C$6*1000+$A24+$C$10,'ДАННЫЕ T3'!$K$6:$K$286,0)),"")) -> 0x0A8E0A63 | E24: =IF($A24>$C$11,"",IFERROR(INDEX('ДАННЫЕ T3'!$H$6:$H$286,MATCH($C$6*1000+$A24+$C$10,'ДАННЫЕ T3'!$K$6:$K$286,0)),"")) -> beq t3, s0, 0x00000110 | F24: =IF($A24>$C$11,"",IFERROR(INDEX('ДАННЫЕ T3'!$D$6:$D$286,MATCH($C$6*1000+$A24+$C$10,'ДАННЫЕ T3'!$K$6:$K$286,0)),"")) -> 36 | G24: =IF($A24>$I$11,"",IFERROR(INDEX('ДАННЫЕ T3'!$E$6:$E$286,MATCH($I$6*1000+$A24+$I$10,'ДАННЫЕ T3'!$K$6:$K$286,0)),"")) -> FETCH | H24: =IF($A24>$I$11,"",IFERROR(INDEX('ДАННЫЕ T3'!$F$6:$F$286,MATCH($I$6*1000+$A24+$I$10,'ДАННЫЕ T3'!$K$6:$K$286,0)),"")) -> 0x0000005C | I24: =IF($A24>$I$11,"",IFERROR(INDEX('ДАННЫЕ T3'!$G$6:$G$286,MATCH($I$6*1000+$A24+$I$10,'ДАННЫЕ T3'!$K$6:$K$286,0)),"")) -> 0x0A8E0A63 | J24: =IF($A24>$I$11,"",IFERROR(INDEX('ДАННЫЕ T3'!$H$6:$H$286,MATCH($I$6*1000+$A24+$I$10,'ДАННЫЕ T3'!$K$6:$K$286,0)),"")) -> beq t3, s0, 0x00000110 | K24: =IF($A24>$I$11,"",IFERROR(INDEX('ДАННЫЕ T3'!$D$6:$D$286,MATCH($I$6*1000+$A24+$I$10,'ДАННЫЕ T3'!$K$6:$K$286,0)),"")) -> 49 | L24: =IF(OR(B24="",G24=""),"",IF(AND(B24=G24,C24=H24,D24=I24),"MATCH","DIFF")) -> MATCH
A25: 7 | B25: =IF($A25>$C$11,"",IFERROR(INDEX('ДАННЫЕ T3'!$E$6:$E$286,MATCH($C$6*1000+$A25+$C$10,'ДАННЫЕ T3'!$K$6:$K$286,0)),"")) -> FETCH | C25: =IF($A25>$C$11,"",IFERROR(INDEX('ДАННЫЕ T3'!$F$6:$F$286,MATCH($C$6*1000+$A25+$C$10,'ДАННЫЕ T3'!$K$6:$K$286,0)),"")) -> 0x00000060 | D25: =IF($A25>$C$11,"",IFERROR(INDEX('ДАННЫЕ T3'!$G$6:$G$286,MATCH($C$6*1000+$A25+$C$10,'ДАННЫЕ T3'!$K$6:$K$286,0)),"")) -> 0x03000413 | E25: =IF($A25>$C$11,"",IFERROR(INDEX('ДАННЫЕ T3'!$H$6:$H$286,MATCH($C$6*1000+$A25+$C$10,'ДАННЫЕ T3'!$K$6:$K$286,0)),"")) -> addi s0, zero, 48 | F25: =IF($A25>$C$11,"",IFERROR(INDEX('ДАННЫЕ T3'!$D$6:$D$286,MATCH($C$6*1000+$A25+$C$10,'ДАННЫЕ T3'!$K$6:$K$286,0)),"")) -> 40 | G25: =IF($A25>$I$11,"",IFERROR(INDEX('ДАННЫЕ T3'!$E$6:$E$286,MATCH($I$6*1000+$A25+$I$10,'ДАННЫЕ T3'!$K$6:$K$286,0)),"")) -> FETCH | H25: =IF($A25>$I$11,"",IFERROR(INDEX('ДАННЫЕ T3'!$F$6:$F$286,MATCH($I$6*1000+$A25+$I$10,'ДАННЫЕ T3'!$K$6:$K$286,0)),"")) -> 0x00000060 | I25: =IF($A25>$I$11,"",IFERROR(INDEX('ДАННЫЕ T3'!$G$6:$G$286,MATCH($I$6*1000+$A25+$I$10,'ДАННЫЕ T3'!$K$6:$K$286,0)),"")) -> 0x03000413 | J25: =IF($A25>$I$11,"",IFERROR(INDEX('ДАННЫЕ T3'!$H$6:$H$286,MATCH($I$6*1000+$A25+$I$10,'ДАННЫЕ T3'!$K$6:$K$286,0)),"")) -> addi s0, zero, 48 | K25: =IF($A25>$I$11,"",IFERROR(INDEX('ДАННЫЕ T3'!$D$6:$D$286,MATCH($I$6*1000+$A25+$I$10,'ДАННЫЕ T3'!$K$6:$K$286,0)),"")) -> 53 | L25: =IF(OR(B25="",G25=""),"",IF(AND(B25=G25,C25=H25,D25=I25),"MATCH","DIFF")) -> MATCH
A26: 8 | B26: =IF($A26>$C$11,"",IFERROR(INDEX('ДАННЫЕ T3'!$E$6:$E$286,MATCH($C$6*1000+$A26+$C$10,'ДАННЫЕ T3'!$K$6:$K$286,0)),"")) -> FETCH | C26: =IF($A26>$C$11,"",IFERROR(INDEX('ДАННЫЕ T3'!$F$6:$F$286,MATCH($C$6*1000+$A26+$C$10,'ДАННЫЕ T3'!$K$6:$K$286,0)),"")) -> 0x00000064 | D26: =IF($A26>$C$11,"",IFERROR(INDEX('ДАННЫЕ T3'!$G$6:$G$286,MATCH($C$6*1000+$A26+$C$10,'ДАННЫЕ T3'!$K$6:$K$286,0)),"")) -> 0x048E0463 | E26: =IF($A26>$C$11,"",IFERROR(INDEX('ДАННЫЕ T3'!$H$6:$H$286,MATCH($C$6*1000+$A26+$C$10,'ДАННЫЕ T3'!$K$6:$K$286,0)),"")) -> beq t3, s0, 0x000000AC | F26: =IF($A26>$C$11,"",IFERROR(INDEX('ДАННЫЕ T3'!$D$6:$D$286,MATCH($C$6*1000+$A26+$C$10,'ДАННЫЕ T3'!$K$6:$K$286,0)),"")) -> 44 | G26: =IF($A26>$I$11,"",IFERROR(INDEX('ДАННЫЕ T3'!$E$6:$E$286,MATCH($I$6*1000+$A26+$I$10,'ДАННЫЕ T3'!$K$6:$K$286,0)),"")) -> FETCH | H26: =IF($A26>$I$11,"",IFERROR(INDEX('ДАННЫЕ T3'!$F$6:$F$286,MATCH($I$6*1000+$A26+$I$10,'ДАННЫЕ T3'!$K$6:$K$286,0)),"")) -> 0x00000064 | I26: =IF($A26>$I$11,"",IFERROR(INDEX('ДАННЫЕ T3'!$G$6:$G$286,MATCH($I$6*1000+$A26+$I$10,'ДАННЫЕ T3'!$K$6:$K$286,0)),"")) -> 0x048E0463 | J26: =IF($A26>$I$11,"",IFERROR(INDEX('ДАННЫЕ T3'!$H$6:$H$286,MATCH($I$6*1000+$A26+$I$10,'ДАННЫЕ T3'!$K$6:$K$286,0)),"")) -> beq t3, s0, 0x000000AC | K26: =IF($A26>$I$11,"",IFERROR(INDEX('ДАННЫЕ T3'!$D$6:$D$286,MATCH($I$6*1000+$A26+$I$10,'ДАННЫЕ T3'!$K$6:$K$286,0)),"")) -> 57 | L26: =IF(OR(B26="",G26=""),"",IF(AND(B26=G26,C26=H26,D26=I26),"MATCH","DIFF")) -> MATCH
A27: 9 | B27: =IF($A27>$C$11,"",IFERROR(INDEX('ДАННЫЕ T3'!$E$6:$E$286,MATCH($C$6*1000+$A27+$C$10,'ДАННЫЕ T3'!$K$6:$K$286,0)),"")) -> FETCH | C27: =IF($A27>$C$11,"",IFERROR(INDEX('ДАННЫЕ T3'!$F$6:$F$286,MATCH($C$6*1000+$A27+$C$10,'ДАННЫЕ T3'!$K$6:$K$286,0)),"")) -> 0x00000068 | D27: =IF($A27>$C$11,"",IFERROR(INDEX('ДАННЫЕ T3'!$G$6:$G$286,MATCH($C$6*1000+$A27+$C$10,'ДАННЫЕ T3'!$K$6:$K$286,0)),"")) -> 0x03100413 | E27: =IF($A27>$C$11,"",IFERROR(INDEX('ДАННЫЕ T3'!$H$6:$H$286,MATCH($C$6*1000+$A27+$C$10,'ДАННЫЕ T3'!$K$6:$K$286,0)),"")) -> addi s0, zero, 49 | F27: =IF($A27>$C$11,"",IFERROR(INDEX('ДАННЫЕ T3'!$D$6:$D$286,MATCH($C$6*1000+$A27+$C$10,'ДАННЫЕ T3'!$K$6:$K$286,0)),"")) -> 48 | G27: =IF($A27>$I$11,"",IFERROR(INDEX('ДАННЫЕ T3'!$E$6:$E$286,MATCH($I$6*1000+$A27+$I$10,'ДАННЫЕ T3'!$K$6:$K$286,0)),"")) -> FETCH | H27: =IF($A27>$I$11,"",IFERROR(INDEX('ДАННЫЕ T3'!$F$6:$F$286,MATCH($I$6*1000+$A27+$I$10,'ДАННЫЕ T3'!$K$6:$K$286,0)),"")) -> 0x00000068 | I27: =IF($A27>$I$11,"",IFERROR(INDEX('ДАННЫЕ T3'!$G$6:$G$286,MATCH($I$6*1000+$A27+$I$10,'ДАННЫЕ T3'!$K$6:$K$286,0)),"")) -> 0x03100413 | J27: =IF($A27>$I$11,"",IFERROR(INDEX('ДАННЫЕ T3'!$H$6:$H$286,MATCH($I$6*1000+$A27+$I$10,'ДАННЫЕ T3'!$K$6:$K$286,0)),"")) -> addi s0, zero, 49 | K27: =IF($A27>$I$11,"",IFERROR(INDEX('ДАННЫЕ T3'!$D$6:$D$286,MATCH($I$6*1000+$A27+$I$10,'ДАННЫЕ T3'!$K$6:$K$286,0)),"")) -> 61 | L27: =IF(OR(B27="",G27=""),"",IF(AND(B27=G27,C27=H27,D27=I27),"MATCH","DIFF")) -> MATCH
A28: 10 | B28: =IF($A28>$C$11,"",IFERROR(INDEX('ДАННЫЕ T3'!$E$6:$E$286,MATCH($C$6*1000+$A28+$C$10,'ДАННЫЕ T3'!$K$6:$K$286,0)),"")) -> FETCH | C28: =IF($A28>$C$11,"",IFERROR(INDEX('ДАННЫЕ T3'!$F$6:$F$286,MATCH($C$6*1000+$A28+$C$10,'ДАННЫЕ T3'!$K$6:$K$286,0)),"")) -> 0x0000006C | D28: =IF($A28>$C$11,"",IFERROR(INDEX('ДАННЫЕ T3'!$G$6:$G$286,MATCH($C$6*1000+$A28+$C$10,'ДАННЫЕ T3'!$K$6:$K$286,0)),"")) -> 0x048E0663 | E28: =IF($A28>$C$11,"",IFERROR(INDEX('ДАННЫЕ T3'!$H$6:$H$286,MATCH($C$6*1000+$A28+$C$10,'ДАННЫЕ T3'!$K$6:$K$286,0)),"")) -> beq t3, s0, 0x000000B8 | F28: =IF($A28>$C$11,"",IFERROR(INDEX('ДАННЫЕ T3'!$D$6:$D$286,MATCH($C$6*1000+$A28+$C$10,'ДАННЫЕ T3'!$K$6:$K$286,0)),"")) -> 52 | G28: =IF($A28>$I$11,"",IFERROR(INDEX('ДАННЫЕ T3'!$E$6:$E$286,MATCH($I$6*1000+$A28+$I$10,'ДАННЫЕ T3'!$K$6:$K$286,0)),"")) -> FETCH | H28: =IF($A28>$I$11,"",IFERROR(INDEX('ДАННЫЕ T3'!$F$6:$F$286,MATCH($I$6*1000+$A28+$I$10,'ДАННЫЕ T3'!$K$6:$K$286,0)),"")) -> 0x0000006C | I28: =IF($A28>$I$11,"",IFERROR(INDEX('ДАННЫЕ T3'!$G$6:$G$286,MATCH($I$6*1000+$A28+$I$10,'ДАННЫЕ T3'!$K$6:$K$286,0)),"")) -> 0x048E0663 | J28: =IF($A28>$I$11,"",IFERROR(INDEX('ДАННЫЕ T3'!$H$6:$H$286,MATCH($I$6*1000+$A28+$I$10,'ДАННЫЕ T3'!$K$6:$K$286,0)),"")) -> beq t3, s0, 0x000000B8 | K28: =IF($A28>$I$11,"",IFERROR(INDEX('ДАННЫЕ T3'!$D$6:$D$286,MATCH($I$6*1000+$A28+$I$10,'ДАННЫЕ T3'!$K$6:$K$286,0)),"")) -> 65 | L28: =IF(OR(B28="",G28=""),"",IF(AND(B28=G28,C28=H28,D28=I28),"MATCH","DIFF")) -> MATCH
A29: 11 | B29: =IF($A29>$C$11,"",IFERROR(INDEX('ДАННЫЕ T3'!$E$6:$E$286,MATCH($C$6*1000+$A29+$C$10,'ДАННЫЕ T3'!$K$6:$K$286,0)),"")) -> FETCH | C29: =IF($A29>$C$11,"",IFERROR(INDEX('ДАННЫЕ T3'!$F$6:$F$286,MATCH($C$6*1000+$A29+$C$10,'ДАННЫЕ T3'!$K$6:$K$286,0)),"")) -> 0x00000070 | D29: =IF($A29>$C$11,"",IFERROR(INDEX('ДАННЫЕ T3'!$G$6:$G$286,MATCH($C$6*1000+$A29+$C$10,'ДАННЫЕ T3'!$K$6:$K$286,0)),"")) -> 0x03200413 | E29: =IF($A29>$C$11,"",IFERROR(INDEX('ДАННЫЕ T3'!$H$6:$H$286,MATCH($C$6*1000+$A29+$C$10,'ДАННЫЕ T3'!$K$6:$K$286,0)),"")) -> addi s0, zero, 50 | F29: =IF($A29>$C$11,"",IFERROR(INDEX('ДАННЫЕ T3'!$D$6:$D$286,MATCH($C$6*1000+$A29+$C$10,'ДАННЫЕ T3'!$K$6:$K$286,0)),"")) -> 56 | G29: =IF($A29>$I$11,"",IFERROR(INDEX('ДАННЫЕ T3'!$E$6:$E$286,MATCH($I$6*1000+$A29+$I$10,'ДАННЫЕ T3'!$K$6:$K$286,0)),"")) -> FETCH | H29: =IF($A29>$I$11,"",IFERROR(INDEX('ДАННЫЕ T3'!$F$6:$F$286,MATCH($I$6*1000+$A29+$I$10,'ДАННЫЕ T3'!$K$6:$K$286,0)),"")) -> 0x00000070 | I29: =IF($A29>$I$11,"",IFERROR(INDEX('ДАННЫЕ T3'!$G$6:$G$286,MATCH($I$6*1000+$A29+$I$10,'ДАННЫЕ T3'!$K$6:$K$286,0)),"")) -> 0x03200413 | J29: =IF($A29>$I$11,"",IFERROR(INDEX('ДАННЫЕ T3'!$H$6:$H$286,MATCH($I$6*1000+$A29+$I$10,'ДАННЫЕ T3'!$K$6:$K$286,0)),"")) -> addi s0, zero, 50 | K29: =IF($A29>$I$11,"",IFERROR(INDEX('ДАННЫЕ T3'!$D$6:$D$286,MATCH($I$6*1000+$A29+$I$10,'ДАННЫЕ T3'!$K$6:$K$286,0)),"")) -> 69 | L29: =IF(OR(B29="",G29=""),"",IF(AND(B29=G29,C29=H29,D29=I29),"MATCH","DIFF")) -> MATCH
A30: 12 | B30: =IF($A30>$C$11,"",IFERROR(INDEX('ДАННЫЕ T3'!$E$6:$E$286,MATCH($C$6*1000+$A30+$C$10,'ДАННЫЕ T3'!$K$6:$K$286,0)),"")) -> FETCH | C30: =IF($A30>$C$11,"",IFERROR(INDEX('ДАННЫЕ T3'!$F$6:$F$286,MATCH($C$6*1000+$A30+$C$10,'ДАННЫЕ T3'!$K$6:$K$286,0)),"")) -> 0x00000074 | D30: =IF($A30>$C$11,"",IFERROR(INDEX('ДАННЫЕ T3'!$G$6:$G$286,MATCH($C$6*1000+$A30+$C$10,'ДАННЫЕ T3'!$K$6:$K$286,0)),"")) -> 0x048E0863 | E30: =IF($A30>$C$11,"",IFERROR(INDEX('ДАННЫЕ T3'!$H$6:$H$286,MATCH($C$6*1000+$A30+$C$10,'ДАННЫЕ T3'!$K$6:$K$286,0)),"")) -> beq t3, s0, 0x000000C4 | F30: =IF($A30>$C$11,"",IFERROR(INDEX('ДАННЫЕ T3'!$D$6:$D$286,MATCH($C$6*1000+$A30+$C$10,'ДАННЫЕ T3'!$K$6:$K$286,0)),"")) -> 60 | G30: =IF($A30>$I$11,"",IFERROR(INDEX('ДАННЫЕ T3'!$E$6:$E$286,MATCH($I$6*1000+$A30+$I$10,'ДАННЫЕ T3'!$K$6:$K$286,0)),"")) -> FETCH | H30: =IF($A30>$I$11,"",IFERROR(INDEX('ДАННЫЕ T3'!$F$6:$F$286,MATCH($I$6*1000+$A30+$I$10,'ДАННЫЕ T3'!$K$6:$K$286,0)),"")) -> 0x00000074 | I30: =IF($A30>$I$11,"",IFERROR(INDEX('ДАННЫЕ T3'!$G$6:$G$286,MATCH($I$6*1000+$A30+$I$10,'ДАННЫЕ T3'!$K$6:$K$286,0)),"")) -> 0x048E0863 | J30: =IF($A30>$I$11,"",IFERROR(INDEX('ДАННЫЕ T3'!$H$6:$H$286,MATCH($I$6*1000+$A30+$I$10,'ДАННЫЕ T3'!$K$6:$K$286,0)),"")) -> beq t3, s0, 0x000000C4 | K30: =IF($A30>$I$11,"",IFERROR(INDEX('ДАННЫЕ T3'!$D$6:$D$286,MATCH($I$6*1000+$A30+$I$10,'ДАННЫЕ T3'!$K$6:$K$286,0)),"")) -> 73 | L30: =IF(OR(B30="",G30=""),"",IF(AND(B30=G30,C30=H30,D30=I30),"MATCH","DIFF")) -> MATCH
... A41: 23 | B41: =IF($A41>$C$11,"",IFERROR(INDEX('ДАННЫЕ T3'!$E$6:$E$286,MATCH($C$6*1000+$A41+$C$10,'ДАННЫЕ T3'!$K$6:$K$286,0)),"")) -> LED_WRITE | C41: =IF($A41>$C$11,"",IFERROR(INDEX('ДАННЫЕ T3'!$F$6:$F$286,MATCH($C$6*1000+$A41+$C$10,'ДАННЫЕ T3'!$K$6:$K$286,0)),"")) -> 0x20000000 | D41: =IF($A41>$C$11,"",IFERROR(INDEX('ДАННЫЕ T3'!$G$6:$G$286,MATCH($C$6*1000+$A41+$C$10,'ДАННЫЕ T3'!$K$6:$K$286,0)),"")) -> 0x00000008 | E41: =IF($A41>$C$11,"",IFERROR(INDEX('ДАННЫЕ T3'!$H$6:$H$286,MATCH($C$6*1000+$A41+$C$10,'ДАННЫЕ T3'!$K$6:$K$286,0)),"")) -> MMIO GPIO write | F41: =IF($A41>$C$11,"",IFERROR(INDEX('ДАННЫЕ T3'!$D$6:$D$286,MATCH($C$6*1000+$A41+$C$10,'ДАННЫЕ T3'!$K$6:$K$286,0)),"")) -> 102 | G41: =IF($A41>$I$11,"",IFERROR(INDEX('ДАННЫЕ T3'!$E$6:$E$286,MATCH($I$6*1000+$A41+$I$10,'ДАННЫЕ T3'!$K$6:$K$286,0)),"")) -> LED_WRITE | H41: =IF($A41>$I$11,"",IFERROR(INDEX('ДАННЫЕ T3'!$F$6:$F$286,MATCH($I$6*1000+$A41+$I$10,'ДАННЫЕ T3'!$K$6:$K$286,0)),"")) -> 0x20000000 | I41: =IF($A41>$I$11,"",IFERROR(INDEX('ДАННЫЕ T3'!$G$6:$G$286,MATCH($I$6*1000+$A41+$I$10,'ДАННЫЕ T3'!$K$6:$K$286,0)),"")) -> 0x00000008 | J41: =IF($A41>$I$11,"",IFERROR(INDEX('ДАННЫЕ T3'!$H$6:$H$286,MATCH($I$6*1000+$A41+$I$10,'ДАННЫЕ T3'!$K$6:$K$286,0)),"")) -> MMIO GPIO write | K41: =IF($A41>$I$11,"",IFERROR(INDEX('ДАННЫЕ T3'!$D$6:$D$286,MATCH($I$6*1000+$A41+$I$10,'ДАННЫЕ T3'!$K$6:$K$286,0)),"")) -> 115 | L41: =IF(OR(B41="",G41=""),"",IF(AND(B41=G41,C41=H41,D41=I41),"MATCH","DIFF")) -> MATCH
B44: Сравниваются ТОЛЬКО (тип события, адрес, значение) и только после PC=0x048. Относительные циклы показаны для наблюдения, но не входят в сигнатуру и не являются проверкой cycle-by-cycle. Для разных команд CORE закономерно может различаться.

Sheet МОДЕЛЬ MMIO
A1: МОДЕЛЬ LED / MMIO
A3: Изменяем входные данные UART; машинный код sw сохраняется. Это расчётная модель, НЕ новая запись T3 с платы.
A4: СТАРТ | B4: НАБЛЮДЕНИЕ | C4: СРАВНЕНИЕ | D4: LED / MMIO | E4: КОМАНДЫ | F4: 12 ТРАСС | G4: RAW T3 | H4: ROM | I4: ТЕРМИНЫ | J4: ПРОИСХОЖДЕНИЕ | K4: БИТЫ 202 | L4: 10 КАРТОЧЕК
A6: ИНТЕРАКТИВНЫЙ СЦЕНАРИЙ — МОЖНО ВЫБРАТЬ 0…6
B8: Команда UART | D8: 4
F9: ОДИН МАШИННЫЙ КОД → РАЗНЫЕ ДАННЫЕ
B10: ASCII код (dec) | D10: =48+D8 -> 52
B11: ASCII-символ | D11: =CHAR(48+D8) -> 4
B12: t4 = маска (dec) | D12: =IF(D8=0,0,2^(D8-1)) -> 8 | F12: L1 | G12: L2 | H12: L3 | I12: L4 | J12: L5 | K12: L6
B13: t4 = маска (hex) | D13: ="0x"&DEC2HEX(D12,8) -> 0x00000008 | F13: =IF(MOD(INT($D$12/2^0),2)=1,"●","○") -> ○ | G13: =IF(MOD(INT($D$12/2^1),2)=1,"●","○") -> ○ | H13: =IF(MOD(INT($D$12/2^2),2)=1,"●","○") -> ○ | I13: =IF(MOD(INT($D$12/2^3),2)=1,"●","○") -> ● | J13: =IF(MOD(INT($D$12/2^4),2)=1,"●","○") -> ○ | K13: =IF(MOD(INT($D$12/2^5),2)=1,"●","○") -> ○
B14: t0 = база MMIO | D14: 0x20000000
B15: Машинное слово sw | D15: 0x01D2A023 | F15: Формальная связь: UART-цифра → значение регистра t4 → sw t4, 0(t0) → запись MEM32[0x20000000] → логическая маска GPIO. В реальном опыте переход к записи нужно подтвердить отдельным LED_WRITE в T3.
B16: Дизассемблирование | D16: sw t4, 0(t0)
B17: LED_WRITE (модель) | D17: =D13 -> 0x00000008
A21: ОБЪЯСНЕНИЕ ПО ШАГАМ
B23: Команда | E23: ASCII цифра с COM/UART, не код инструкции RISC-V.
B24: Выбор варианта | E24: Прошивка формирует t4: 0 либо один установленный бит для L1…L6.
B25: Адрес | E25: В начале программы lui устанавливает t0 = 0x20000000.
B26: Store word | E26: sw t4,0(t0) записывает слово из t4 по адресу t0+0.
B27: Трассировщик | E27: Наблюдаемый LED_WRITE подтверждает принятую шинную запись; FETCH со sw этого не доказывает.
B28: Аппаратура | E28: Физическое свечение проверяется глазами отдельно; модель не измеряет оптическое состояние.
B31: ОГРАНИЧЕНИЕ: изменение команды на 5 действительно даёт рассчитанную маску 0x00000010, но НЕ создаёт аппаратный T3-захват для L5. В архиве представлены только команды 0 и 4. Другие значения — прогноз модели, основанный на программе.

Sheet СЛОВАРЬ
A1: ТЕРМИНЫ / LAB-03
A3: Только понятия, необходимые для наших экспериментов с PicoRV32, UART и трассировщиком
A4: СТАРТ | B4: НАБЛЮДЕНИЕ | C4: СРАВНЕНИЕ | D4: LED / MMIO | E4: КОМАНДЫ | F4: 12 ТРАСС | G4: RAW T3 | H4: ROM | I4: ТЕРМИНЫ | J4: ПРОИСХОЖДЕНИЕ | K4: БИТЫ 202 | L4: 10 КАРТОЧЕК
A6: № | B6: Термин | C6: Значение | D6: Пример / ограничение
A7: 1 | B7: PicoRV32 | C7: Небольшое процессорное ядро, реализующее RISC-V; в этой работе — аппаратное RTL-описание на FPGA. | D7: Наблюдаем шинные обращения, а не внутренний retirement.
A8: 2 | B8: RV32I | C8: Базовая 32-битная целочисленная система команд RISC-V. | D8: Показаны только мнемоники нашего ROM и T3.
A9: 3 | B9: ISA | C9: Instruction Set Architecture — архитектурный интерфейс команд процессора. | D9: Не путать ISA с деталями микроархитектуры.
A10: 4 | B10: FETCH | C10: Подтверждённая выборка машинного слова инструкции из ROM. | D10: FETCH ≠ исполненная / завершённая инструкция.
A11: 5 | B11: PC | C11: Program Counter — адрес инструкции. | D11: В строке LED_WRITE поле «адрес» — адрес MMIO, НЕ PC.
A12: 6 | B12: ROM | C12: Read-Only Memory — память машинного кода данного проекта. | D12: Наличие слова в ROM не означает, что оно было выбрано.
A13: 7 | B13: Instruction word | C13: 32-битное слово с кодом RV32I-инструкции. | D13: 0x01D2A023 = sw t4,0(t0), не LED-маска.
A14: 8 | B14: Mnemonic | C14: Текстовое краткое имя машинной операции. | D14: sw, lw, beq, addi и т. д.
A15: 9 | B15: Operand | C15: Регистр, число или адрес, задаваемые командой. | D15: t4 и t0 — регистры в sw t4,0(t0).
A16: 10 | B16: Immediate | C16: Константа, закодированная непосредственно в машинной инструкции. | D16: 84 в addi s0,zero,84 — ASCII "T".
A17: 11 | B17: MMIO | C17: Memory-Mapped I/O — управление периферией по адресам памяти. | D17: Адрес LED-регистра: 0x20000000.
A18: 12 | B18: LED_WRITE | C18: Принятая шиной запись в аппаратный регистр светодиодов. | D18: Не фотометрическое измерение ламп.
... A30: 24 | B30: ASCII | C30: Кодировка символов; команды UART — именно символы. | D30: Символ "4" имеет код 52 (0x34).

Sheet ИСТОЧНИКИ
A1: ПРОИСХОЖДЕНИЕ И КОНТРОЛЬ
A3: Воспроизводимый учебный экспорт настоящих трасс LAB-03.3 • без подмены аппаратных измерений
A4: СТАРТ | B4: НАБЛЮДЕНИЕ | C4: СРАВНЕНИЕ | D4: LED / MMIO | E4: КОМАНДЫ | F4: 12 ТРАСС | G4: RAW T3 | H4: ROM | I4: ТЕРМИНЫ | J4: ПРОИСХОЖДЕНИЕ | K4: БИТЫ 202 | L4: 10 КАРТОЧЕК
A6: ИСТОЧНИКИ АППАРАТНЫХ ДАННЫХ
B8: GitHub репозиторий | E8: https://github.com/AIDevelopersMonster/Sipeed-FPGA
B9: Ветка LAB-03 | E9: https://github.com/AIDevelopersMonster/Sipeed-FPGA/tree/feature/picorv32-lab03-uart-trace
B10: Observatory v1.1.0 | E10: https://github.com/AIDevelopersMonster/Sipeed-FPGA/tree/feature/picorv32-lab03-uart-trace/docs/lab03/observatory
B11: Методика по командам | E11: https://github.com/AIDevelopersMonster/Sipeed-FPGA/tree/feature/picorv32-lab03-uart-trace/docs/lab03/observatory/methodics/ISA_REAL_DATA_RU.md
A14: КОНТРОЛЬНЫЕ СУММЫ — ФАКТИЧЕСКИ ПРОВЕРЕНЫ ПРИ СОЗДАНИИ
B16: ROM LAB-03 (256×32 бит) | E16: 14b85bc20ce43cdf4ce09ef1db7a20af5677c1c728c64b71258f6c63ab5b8a3d
B17: ZIP оригинальных измерений | E17: ec5196867bb641547decf5f1e5c176c2c0e00ed51e17a0fadb0db2b193cee474
B18: Заявленный SHA битового потока | E18: 62596847427f0258cb729a8b3c042ab7e0f39a8725990ba39a831b98c6554f13
A21: ИНЖЕНЕРНЫЕ ОГРАНИЧЕНИЯ
B23: • 12 аппаратных кадров получены ранее на физической плате Tang Nano 9K; данная электронная таблица лишь воспроизводит уже измеренные события.
B24: • События представлены в исходном порядке и с относительными аппаратными 16-битными циклами T3; в Excel нет реального цикла CPU, задержки GUI не являются аппаратной временной шкалой.
B25: • В исходном T3 имеются только FETCH и LED_WRITE; отсутствует регистр архитектурно завершённых инструкций, нет доступа к данным фактических DATA_READ.
B26: • Факт программирования SRAM и указанная SHA .fs не подтверждены независимым считыванием конфигурационной памяти FPGA.
B27: • Для команды 5 можно рассчитать маску 0x00000010, но этот ZIP содержит полные аппаратные трассы только команд 0 и 4.
B28: • Внутри ZIP исторической кампании присутствует старый boot.hex LAB-02; в Excel используется отдельно проверенный настоящий lab03_boot.hex (SHA выше).
B29: • Этот файл не содержит VBA, Power Query, Web Serial, доступа к COM или внешних ссылок. Входные ячейки меняют только отображение и вычислительную модель.
B33: Сборка Excel: автономный Python + openpyxl. RAW: 12/12 SHA PASS, ROM: SHA PASS, 269/269 FETCH ROM PASS, CORE sequences 0/4 identical within command. Все номера событий на листах Excel — с 1; в сыром T3 INDEX начинается с 0.
B36: Битовый декодер RV32I | E36: 202 слова из LAB-03 ROM; FORMAT I / I-shift / S / B / U / J. Только 29 адресов наблюдались в 12 T3.
B37: ROM SHA256 | E37: 14b85bc20ce43cdf4ce09ef1db7a20af5677c1c728c64b71258f6c63ab5b8a3d

Sheet КАТАЛОГ ОПИСАНИЙ
B8: field1 | C8: field2 | D8: field3 | E8: field4 | F8: field5 | G8: field6 | H8: field7 | I8: field8
B9: 20-битная константа; значение в rd = imm << 12 | C9: Приёмник x5 = t0 | D9: 0110111: LUI
B10: Старшие биты смещения со знаком | C10: Источник записываемых данных: x0 = zero | D10: Базовый адрес: x5 = t0 | E10: 010 = SW: запись 32-битного слова | F10: Младшие биты смещения | G10: 0100011: STORE
B11: 12-битная константа; в RV32I знаково расширяется | C11: Исходный регистр x0 = zero | D11: 000=ADDI, 111=ANDI | E11: Приёмник x6 = t1 | F11: 0010011: OP-IMM
B12: Знаковый бит PC-относительного перехода | C12: Средние биты адресного смещения | D12: Переставленный бит смещения | E12: Биты смещения перехода | F12: Приёмник адреса возврата: x1 = ra | G12: 1101111: JAL
B13: 12-битная константа; в RV32I знаково расширяется | C13: Исходный регистр x0 = zero | D13: 000=ADDI, 111=ANDI | E13: Приёмник x6 = t1 | F13: 0010011: OP-IMM
B14: Знаковый бит PC-относительного перехода | C14: Средние биты адресного смещения | D14: Переставленный бит смещения | E14: Биты смещения перехода | F14: Приёмник адреса возврата: x1 = ra | G14: 1101111: JAL
B15: 12-битная константа; в RV32I знаково расширяется | C15: Исходный регистр x0 = zero | D15: 000=ADDI, 111=ANDI | E15: Приёмник x6 = t1 | F15: 0010011: OP-IMM
B16: Знаковый бит PC-относительного перехода | C16: Средние биты адресного смещения | D16: Переставленный бит смещения | E16: Биты смещения перехода | F16: Приёмник адреса возврата: x1 = ra | G16: 1101111: JAL
B17: 12-битная константа; в RV32I знаково расширяется | C17: Исходный регистр x0 = zero | D17: 000=ADDI, 111=ANDI | E17: Приёмник x6 = t1 | F17: 0010011: OP-IMM
B18: Знаковый бит PC-относительного перехода | C18: Средние биты адресного смещения | D18: Переставленный бит смещения | E18: Биты смещения перехода | F18: Приёмник адреса возврата: x1 = ra | G18: 1101111: JAL
B19: 12-битная константа; в RV32I знаково расширяется | C19: Исходный регистр x0 = zero | D19: 000=ADDI, 111=ANDI | E19: Приёмник x6 = t1 | F19: 0010011: OP-IMM
B20: Знаковый бит PC-относительного перехода | C20: Средние биты адресного смещения | D20: Переставленный бит смещения | E20: Биты смещения перехода | F20: Приёмник адреса возврата: x1 = ra | G20: 1101111: JAL
B21: 12-битная константа; в RV32I знаково расширяется | C21: Исходный регистр x0 = zero | D21: 000=ADDI, 111=ANDI | E21: Приёмник x6 = t1 | F21: 0010011: OP-IMM
B22: Знаковый бит PC-относительного перехода | C22: Средние биты адресного смещения | D22: Переставленный бит смещения | E22: Биты смещения перехода | F22: Приёмник адреса возврата: x1 = ra | G22: 1101111: JAL
B23: Знаковое 12-битное смещение от базового адреса | C23: Базовый регистр x5 = t0 | D23: 010 = LW: загрузка 32-битного слова | E23: Приёмник x7 = t2 | F23: 0000011: LOAD
B24: 12-битная константа; в RV32I знаково расширяется | C24: Исходный регистр x7 = t2 | D24: 000=ADDI, 111=ANDI | E24: Приёмник x7 = t2 | F24: 0010011: OP-IMM
B25: Знаковый бит ветвления | C25: Старшие биты смещения | D25: Второй сравниваемый регистр x0 = zero | E25: Первый сравниваемый регистр x7 = t2 | F25: 000=BEQ, 001=BNE | G25: Младшая группа байтового смещения; bit0=0 | H25: Переставленный бит смещения | I25: 1100011: BRANCH
B26: Знаковое 12-битное смещение от базового адреса | C26: Базовый регистр x5 = t0 | D26: 010 = LW: загрузка 32-битного слова | E26: Приёмник x28 = t3 | F26: 0000011: LOAD
B27: 12-битная константа; в RV32I знаково расширяется | C27: Исходный регистр x0 = zero | D27: 000=ADDI, 111=ANDI | E27: Приёмник x8 = s0 | F27: 0010011: OP-IMM
B28: Знаковый бит ветвления | C28: Старшие биты смещения | D28: Второй сравниваемый регистр x8 = s0 | E28: Первый сравниваемый регистр x28 = t3 | F28: 000=BEQ, 001=BNE | G28: Младшая группа байтового смещения; bit0=0 | H28: Переставленный бит смещения | I28: 1100011: BRANCH
B29: 12-битная константа; в RV32I знаково расширяется | C29: Исходный регистр x0 = zero | D29: 000=ADDI, 111=ANDI | E29: Приёмник x8 = s0 | F29: 0010011: OP-IMM
B30: Знаковый бит ветвления | C30: Старшие биты смещения | D30: Второй сравниваемый регистр x8 = s0 | E30: Первый сравниваемый регистр x28 = t3 | F30: 000=BEQ, 001=BNE | G30: Младшая группа байтового смещения; bit0=0 | H30: Переставленный бит смещения | I30: 1100011: BRANCH
B31: 12-битная константа; в RV32I знаково расширяется | C31: Исходный регистр x0 = zero | D31: 000=ADDI, 111=ANDI | E31: Приёмник x8 = s0 | F31: 0010011: OP-IMM
B32: Знаковый бит ветвления | C32: Старшие биты смещения | D32: Второй сравниваемый регистр x8 = s0 | E32: Первый сравниваемый регистр x28 = t3 | F32: 000=BEQ, 001=BNE | G32: Младшая группа байтового смещения; bit0=0 | H32: Переставленный бит смещения | I32: 1100011: BRANCH
B33: 12-битная константа; в RV32I знаково расширяется | C33: Исходный регистр x0 = zero | D33: 000=ADDI, 111=ANDI | E33: Приёмник x8 = s0 | F33: 0010011: OP-IMM
B34: Знаковый бит ветвления | C34: Старшие биты смещения | D34: Второй сравниваемый регистр x8 = s0 | E34: Первый сравниваемый регистр x28 = t3 | F34: 000=BEQ, 001=BNE | G34: Младшая группа байтового смещения; bit0=0 | H34: Переставленный бит смещения | I34: 1100011: BRANCH
B35: 12-битная константа; в RV32I знаково расширяется | C35: Исходный регистр x0 = zero | D35: 000=ADDI, 111=ANDI | E35: Приёмник x8 = s0 | F35: 0010011: OP-IMM
B36: Знаковый бит ветвления | C36: Старшие биты смещения | D36: Второй сравниваемый регистр x8 = s0 | E36: Первый сравниваемый регистр x28 = t3 | F36: 000=BEQ, 001=BNE | G36: Младшая группа байтового смещения; bit0=0 | H36: Переставленный бит смещения | I36: 1100011: BRANCH
B37: 12-битная константа; в RV32I знаково расширяется | C37: Исходный регистр x0 = zero | D37: 000=ADDI, 111=ANDI | E37: Приёмник x8 = s0 | F37: 0010011: OP-IMM
B38: Знаковый бит ветвления | C38: Старшие биты смещения | D38: Второй сравниваемый регистр x8 = s0 | E38: Первый сравниваемый регистр x28 = t3 | F38: 000=BEQ, 001=BNE | G38: Младшая группа байтового смещения; bit0=0 | H38: Переставленный бит смещения | I38: 1100011: BRANCH
B39: 12-битная константа; в RV32I знаково расширяется | C39: Исходный регистр x0 = zero | D39: 000=ADDI, 111=ANDI | E39: Приёмник x8 = s0 | F39: 0010011: OP-IMM
B40: Знаковый бит ветвления | C40: Старшие биты смещения | D40: Второй сравниваемый регистр x8 = s0 | E40: Первый сравниваемый регистр x28 = t3 | F40: 000=BEQ, 001=BNE | G40: Младшая группа байтового смещения; bit0=0 | H40: Переставленный бит смещения | I40: 1100011: BRANCH
B41: 12-битная константа; в RV32I знаково расширяется | C41: Исходный регистр x0 = zero | D41: 000=ADDI, 111=ANDI | E41: Приёмник x8 = s0 | F41: 0010011: OP-IMM
B42: Знаковый бит ветвления | C42: Старшие биты смещения | D42: Второй сравниваемый регистр x8 = s0 | E42: Первый сравниваемый регистр x28 = t3 | F42: 000=BEQ, 001=BNE | G42: Младшая группа байтового смещения; bit0=0 | H42: Переставленный бит смещения | I42: 1100011: BRANCH
B43: 12-битная константа; в RV32I знаково расширяется | C43: Исходный регистр x0 = zero | D43: 000=ADDI, 111=ANDI | E43: Приёмник x8 = s0 | F43: 0010011: OP-IMM
B44: Знаковый бит ветвления | C44: Старшие биты смещения | D44: Второй сравниваемый регистр x8 = s0 | E44: Первый сравниваемый регистр x28 = t3 | F44: 000=BEQ, 001=BNE | G44: Младшая группа байтового смещения; bit0=0 | H44: Переставленный бит смещения | I44: 1100011: BRANCH
B45: 12-битная константа; в RV32I знаково расширяется | C45: Исходный регистр x0 = zero | D45: 000=ADDI, 111=ANDI | E45: Приёмник x8 = s0 | F45: 0010011: OP-IMM
B46: Знаковый бит ветвления | C46: Старшие биты смещения | D46: Второй сравниваемый регистр x8 = s0 | E46: Первый сравниваемый регистр x28 = t3 | F46: 000=BEQ, 001=BNE | G46: Младшая группа байтового смещения; bit0=0 | H46: Переставленный бит смещения | I46: 1100011: BRANCH
B47: 12-битная константа; в RV32I знаково расширяется | C47: Исходный регистр x0 = zero | D47: 000=ADDI, 111=ANDI | E47: Приёмник x8 = s0 | F47: 0010011: OP-IMM
B48: Знаковый бит ветвления | C48: Старшие биты смещения | D48: Второй сравниваемый регистр x8 = s0 | E48: Первый сравниваемый регистр x28 = t3 | F48: 000=BEQ, 001=BNE | G48: Младшая группа байтового смещения; bit0=0 | H48: Переставленный бит смещения | I48: 1100011: BRANCH
B49: 12-битная константа; в RV32I знаково расширяется | C49: Исходный регистр x0 = zero | D49: 000=ADDI, 111=ANDI | E49: Приёмник x8 = s0 | F49: 0010011: OP-IMM
B50: Знаковый бит ветвления | C50: Старшие биты смещения | D50: Второй сравниваемый регистр x8 = s0 | E50: Первый сравниваемый регистр x28 = t3 | F50: 000=BEQ, 001=BNE | G50: Младшая группа байтового смещения; bit0=0 | H50: Переставленный бит смещения | I50: 1100011: BRANCH
B51: Знаковый бит PC-относительного перехода | C51: Средние биты адресного смещения | D51: Переставленный бит смещения | E51: Биты смещения перехода | F51: Приёмник адреса возврата: x0 = zero | G51: 1101111: JAL
B52: 12-битная константа; в RV32I знаково расширяется | C52: Исходный регистр x0 = zero | D52: 000=ADDI, 111=ANDI | E52: Приёмник x29 = t4 | F52: 0010011: OP-IMM
B53: 12-битная константа; в RV32I знаково расширяется | C53: Исходный регистр x0 = zero | D53: 000=ADDI, 111=ANDI | E53: Приёмник x30 = t5 | F53: 0010011: OP-IMM
B54: Знаковый бит PC-относительного перехода | C54: Средние биты адресного смещения | D54: Переставленный бит смещения | E54: Биты смещения перехода | F54: Приёмник адреса возврата: x0 = zero | G54: 1101111: JAL
B55: 12-битная константа; в RV32I знаково расширяется | C55: Исходный регистр x0 = zero | D55: 000=ADDI, 111=ANDI | E55: Приёмник x29 = t4 | F55: 0010011: OP-IMM
B56: 12-битная константа; в RV32I знаково расширяется | C56: Исходный регистр x0 = zero | D56: 000=ADDI, 111=ANDI | E56: Приёмник x30 = t5 | F56: 0010011: OP-IMM
B57: Знаковый бит PC-относительного перехода | C57: Средние биты адресного смещения | D57: Переставленный бит смещения | E57: Биты смещения перехода | F57: Приёмник адреса возврата: x0 = zero | G57: 1101111: JAL
B58: 12-битная константа; в RV32I знаково расширяется | C58: Исходный регистр x0 = zero | D58: 000=ADDI, 111=ANDI | E58: Приёмник x29 = t4 | F58: 0010011: OP-IMM
B59: 12-битная константа; в RV32I знаково расширяется | C59: Исходный регистр x0 = zero | D59: 000=ADDI, 111=ANDI | E59: Приёмник x30 = t5 | F59: 0010011: OP-IMM
B60: Знаковый бит PC-относительного перехода | C60: Средние биты адресного смещения | D60: Переставленный бит смещения | E60: Биты смещения перехода | F60: Приёмник адреса возврата: x0 = zero | G60: 1101111: JAL
B61: 12-битная константа; в RV32I знаково расширяется | C61: Исходный регистр x0 = zero | D61: 000=ADDI, 111=ANDI | E61: Приёмник x29 = t4 | F61: 0010011: OP-IMM
B62: 12-битная константа; в RV32I знаково расширяется | C62: Исходный регистр x0 = zero | D62: 000=ADDI, 111=ANDI | E62: Приёмник x30 = t5 | F62: 0010011: OP-IMM
B63: Знаковый бит PC-относительного перехода | C63: Средние биты адресного смещения | D63: Переставленный бит смещения | E63: Биты смещения перехода | F63: Приёмник адреса возврата: x0 = zero | G63: 1101111: JAL
B64: 12-битная константа; в RV32I знаково расширяется | C64: Исходный регистр x0 = zero | D64: 000=ADDI, 111=ANDI | E64: Приёмник x29 = t4 | F64: 0010011: OP-IMM
B65: 12-битная константа; в RV32I знаково расширяется | C65: Исходный регистр x0 = zero | D65: 000=ADDI, 111=ANDI | E65: Приёмник x30 = t5 | F65: 0010011: OP-IMM
B66: Знаковый бит PC-относительного перехода | C66: Средние биты адресного смещения | D66: Переставленный бит смещения | E66: Биты смещения перехода | F66: Приёмник адреса возврата: x0 = zero | G66: 1101111: JAL
B67: 12-битная константа; в RV32I знаково расширяется | C67: Исходный регистр x0 = zero | D67: 000=ADDI, 111=ANDI | E67: Приёмник x29 = t4 | F67: 0010011: OP-IMM
B68: 12-битная константа; в RV32I знаково расширяется | C68: Исходный регистр x0 = zero | D68: 000=ADDI, 111=ANDI | E68: Приёмник x30 = t5 | F68: 0010011: OP-IMM
B69: Знаковый бит PC-относительного перехода | C69: Средние биты адресного смещения | D69: Переставленный бит смещения | E69: Биты смещения перехода | F69: Приёмник адреса возврата: x0 = zero | G69: 1101111: JAL
B70: 12-битная константа; в RV32I знаково расширяется | C70: Исходный регистр x0 = zero | D70: 000=ADDI, 111=ANDI | E70: Приёмник x29 = t4 | F70: 0010011: OP-IMM
B71: 12-битная константа; в RV32I знаково расширяется | C71: Исходный регистр x0 = zero | D71: 000=ADDI, 111=ANDI | E71: Приёмник x30 = t5 | F71: 0010011: OP-IMM
B72: Знаковый бит PC-относительного перехода | C72: Средние биты адресного смещения | D72: Переставленный бит смещения | E72: Биты смещения перехода | F72: Приёмник адреса возврата: x0 = zero | G72: 1101111: JAL
B73: Старшие биты смещения со знаком | C73: Источник записываемых данных: x29 = t4 | D73: Базовый адрес: x5 = t0 | E73: 010 = SW: запись 32-битного слова | F73: Младшие биты смещения | G73: 0100011: STORE
B74: Знаковое 12-битное смещение от базового адреса | C74: Базовый регистр x5 = t0 | D74: 010 = LW: загрузка 32-битного слова | E74: Приёмник x31 = t6 | F74: 0000011: LOAD
B75: Знаковый бит ветвления | C75: Старшие биты смещения | D75: Второй сравниваемый регистр x29 = t4 | E75: Первый сравниваемый регистр x31 = t6 | F75: 000=BEQ, 001=BNE | G75: Младшая группа байтового смещения; bit0=0 | H75: Переставленный бит смещения | I75: 1100011: BRANCH
B76: Знаковый бит PC-относительного перехода | C76: Средние биты адресного смещения | D76: Переставленный бит смещения | E76: Биты смещения перехода | F76: Приёмник адреса возврата: x0 = zero | G76: 1101111: JAL
B77: Знаковое 12-битное смещение от базового адреса | C77: Базовый регистр x5 = t0 | D77: 010 = LW: загрузка 32-битного слова | E77: Приёмник x31 = t6 | F77: 0000011: LOAD
B78: 12-битная константа; в RV32I знаково расширяется | C78: Исходный регистр x0 = zero | D78: 000=ADDI, 111=ANDI | E78: Приёмник x8 = s0 | F78: 0010011: OP-IMM
B79: Знаковый бит ветвления | C79: Старшие биты смещения | D79: Второй сравниваемый регистр x8 = s0 | E79: Первый сравниваемый регистр x31 = t6 | F79: 000=BEQ, 001=BNE | G79: Младшая группа байтового смещения; bit0=0 | H79: Переставленный бит смещения | I79: 1100011: BRANCH
B80: 12-битная константа; в RV32I знаково расширяется | C80: Исходный регистр x0 = zero | D80: 000=ADDI, 111=ANDI | E80: Приёмник x8 = s0 | F80: 0010011: OP-IMM
B81: Знаковый бит ветвления | C81: Старшие биты смещения | D81: Второй сравниваемый регистр x8 = s0 | E81: Первый сравниваемый регистр x31 = t6 | F81: 000=BEQ, 001=BNE | G81: Младшая группа байтового смещения; bit0=0 | H81: Переставленный бит смещения | I81: 1100011: BRANCH
B82: 12-битная константа; в RV32I знаково расширяется | C82: Исходный регистр x0 = zero | D82: 000=ADDI, 111=ANDI | E82: Приёмник x8 = s0 | F82: 0010011: OP-IMM
B83: Знаковый бит ветвления | C83: Старшие биты смещения | D83: Второй сравниваемый регистр x8 = s0 | E83: Первый сравниваемый регистр x31 = t6 | F83: 000=BEQ, 001=BNE | G83: Младшая группа байтового смещения; bit0=0 | H83: Переставленный бит смещения | I83: 1100011: BRANCH
B84: 12-битная константа; в RV32I знаково расширяется | C84: Исходный регистр x0 = zero | D84: 000=ADDI, 111=ANDI | E84: Приёмник x8 = s0 | F84: 0010011: OP-IMM
B85: Знаковый бит ветвления | C85: Старшие биты смещения | D85: Второй сравниваемый регистр x8 = s0 | E85: Первый сравниваемый регистр x31 = t6 | F85: 000=BEQ, 001=BNE | G85: Младшая группа байтового смещения; bit0=0 | H85: Переставленный бит смещения | I85: 1100011: BRANCH
B86: 12-битная константа; в RV32I знаково расширяется | C86: Исходный регистр x0 = zero | D86: 000=ADDI, 111=ANDI | E86: Приёмник x8 = s0 | F86: 0010011: OP-IMM
B87: Знаковый бит ветвления | C87: Старшие биты смещения | D87: Второй сравниваемый регистр x8 = s0 | E87: Первый сравниваемый регистр x31 = t6 | F87: 000=BEQ, 001=BNE | G87: Младшая группа байтового смещения; bit0=0 | H87: Переставленный бит смещения | I87: 1100011: BRANCH
B88: 12-битная константа; в RV32I знаково расширяется | C88: Исходный регистр x0 = zero | D88: 000=ADDI, 111=ANDI | E88: Приёмник x8 = s0 | F88: 0010011: OP-IMM
B89: Знаковый бит ветвления | C89: Старшие биты смещения | D89: Второй сравниваемый регистр x8 = s0 | E89: Первый сравниваемый регистр x31 = t6 | F89: 000=BEQ, 001=BNE | G89: Младшая группа байтового смещения; bit0=0 | H89: Переставленный бит смещения | I89: 1100011: BRANCH
B90: 12-битная константа; в RV32I знаково расширяется | C90: Исходный регистр x0 = zero | D90: 000=ADDI, 111=ANDI | E90: Приёмник x8 = s0 | F90: 0010011: OP-IMM
B91: Знаковый бит ветвления | C91: Старшие биты смещения | D91: Второй сравниваемый регистр x8 = s0 | E91: Первый сравниваемый регистр x31 = t6 | F91: 000=BEQ, 001=BNE | G91: Младшая группа байтового смещения; bit0=0 | H91: Переставленный бит смещения | I91: 1100011: BRANCH
B92: Знаковый бит PC-относительного перехода | C92: Средние биты адресного смещения | D92: Переставленный бит смещения | E92: Биты смещения перехода | F92: Приёмник адреса возврата: x0 = zero | G92: 1101111: JAL
B93: 12-битная константа; в RV32I знаково расширяется | C93: Исходный регистр x0 = zero | D93: 000=ADDI, 111=ANDI | E93: Приёмник x30 = t5 | F93: 0010011: OP-IMM
B94: Знаковый бит PC-относительного перехода | C94: Средние биты адресного смещения | D94: Переставленный бит смещения | E94: Биты смещения перехода | F94: Приёмник адреса возврата: x0 = zero | G94: 1101111: JAL
B95: 12-битная константа; в RV32I знаково расширяется | C95: Исходный регистр x0 = zero | D95: 000=ADDI, 111=ANDI | E95: Приёмник x30 = t5 | F95: 0010011: OP-IMM
B96: Знаковый бит PC-относительного перехода | C96: Средние биты адресного смещения | D96: Переставленный бит смещения | E96: Биты смещения перехода | F96: Приёмник адреса возврата: x0 = zero | G96: 1101111: JAL
B97: 12-битная константа; в RV32I знаково расширяется | C97: Исходный регистр x0 = zero | D97: 000=ADDI, 111=ANDI | E97: Приёмник x30 = t5 | F97: 0010011: OP-IMM
B98: Знаковый бит PC-относительного перехода | C98: Средние биты адресного смещения | D98: Переставленный бит смещения | E98: Биты смещения перехода | F98: Приёмник адреса возврата: x0 = zero | G98: 1101111: JAL
B99: 12-битная константа; в RV32I знаково расширяется | C99: Исходный регистр x0 = zero | D99: 000=ADDI, 111=ANDI | E99: Приёмник x30 = t5 | F99: 0010011: OP-IMM
B100: Знаковый бит PC-относительного перехода | C100: Средние биты адресного смещения | D100: Переставленный бит смещения | E100: Биты смещения перехода | F100: Приёмник адреса возврата: x0 = zero | G100: 1101111: JAL
B101: 12-битная константа; в RV32I знаково расширяется | C101: Исходный регистр x0 = zero | D101: 000=ADDI, 111=ANDI | E101: Приёмник x30 = t5 | F101: 0010011: OP-IMM
B102: Знаковый бит PC-относительного перехода | C102: Средние биты адресного смещения | D102: Переставленный бит смещения | E102: Биты смещения перехода | F102: Приёмник адреса возврата: x0 = zero | G102: 1101111: JAL
B103: 12-битная константа; в RV32I знаково расширяется | C103: Исходный регистр x0 = zero | D103: 000=ADDI, 111=ANDI | E103: Приёмник x30 = t5 | F103: 0010011: OP-IMM
B104: Знаковый бит PC-относительного перехода | C104: Средние биты адресного смещения | D104: Переставленный бит смещения | E104: Биты смещения перехода | F104: Приёмник адреса возврата: x0 = zero | G104: 1101111: JAL
B105: 12-битная константа; в RV32I знаково расширяется | C105: Исходный регистр x0 = zero | D105: 000=ADDI, 111=ANDI | E105: Приёмник x30 = t5 | F105: 0010011: OP-IMM
B106: Знаковый бит PC-относительного перехода | C106: Средние биты адресного смещения | D106: Переставленный бит смещения | E106: Биты смещения перехода | F106: Приёмник адреса возврата: x0 = zero | G106: 1101111: JAL
B107: 12-битная константа; в RV32I знаково расширяется | C107: Исходный регистр x0 = zero | D107: 000=ADDI, 111=ANDI | E107: Приёмник x6 = t1 | F107: 0010011: OP-IMM
...
